[{"model": "contenttypes.contenttype", "pk": 1, "fields": {"app_label": "admin", "model": "logentry"}}, {"model": "contenttypes.contenttype", "pk": 2, "fields": {"app_label": "auth", "model": "permission"}}, {"model": "contenttypes.contenttype", "pk": 3, "fields": {"app_label": "auth", "model": "group"}}, {"model": "contenttypes.contenttype", "pk": 4, "fields": {"app_label": "auth", "model": "user"}}, {"model": "contenttypes.contenttype", "pk": 5, "fields": {"app_label": "contenttypes", "model": "contenttype"}}, {"model": "contenttypes.contenttype", "pk": 6, "fields": {"app_label": "sessions", "model": "session"}}, {"model": "contenttypes.contenttype", "pk": 7, "fields": {"app_label": "member", "model": "group"}}, {"model": "contenttypes.contenttype", "pk": 8, "fields": {"app_label": "member", "model": "member"}}, {"model": "contenttypes.contenttype", "pk": 9, "fields": {"app_label": "member", "model": "request"}}, {"model": "contenttypes.contenttype", "pk": 10, "fields": {"app_label": "member", "model": "groupmember"}}, {"model": "contenttypes.contenttype", "pk": 11, "fields": {"app_label": "booking", "model": "allcourtinfo"}}, {"model": "contenttypes.contenttype", "pk": 12, "fields": {"app_label": "booking", "model": "eachcourtinfo"}}, {"model": "contenttypes.contenttype", "pk": 13, "fields": {"app_label": "booking", "model": "payment"}}, {"model": "contenttypes.contenttype", "pk": 14, "fields": {"app_label": "booking", "model": "refund"}}, {"model": "contenttypes.contenttype", "pk": 15, "fields": {"app_label": "booking", "model": "booking"}}, {"model": "sessions.session", "pk": "29jl9ncdn59hnsgeigjm5s330vi9378i", "fields": {"session_data": "YTlkNWNjNTFiZWEwNDIzNjFiNDQ5NTJlOThjOTE0YTczNTgwNjc3Mjp7Il9hdXRoX3VzZXJfaWQiOiIyIiwiX2F1dGhfdXNlcl9iYWNrZW5kIjoiZGphbmdvLmNvbnRyaWIuYXV0aC5iYWNrZW5kcy5Nb2RlbEJhY2tlbmQiLCJfYXV0aF91c2VyX2hhc2giOiIxNDBmZDZkNDBjODZjMTBhMDNhNjEwNTVjZmE2MGQ1ZTZmMTRjYWY4In0=", "expire_date": "2021-06-06T20:55:53.600Z"}}, {"model": "sessions.session", "pk": "4s315js6efbxukq1ahszxuzq9x2tvljt", "fields": {"session_data": "Y2FhY2QxZGIyNmEwY2M2NWVmN2JjZTk3YWVlY2FjYzFiZjhjM2UxZTp7Il9hdXRoX3VzZXJfaWQiOiIxIiwiX2F1dGhfdXNlcl9iYWNrZW5kIjoiZGphbmdvLmNvbnRyaWIuYXV0aC5iYWNrZW5kcy5Nb2RlbEJhY2tlbmQiLCJfYXV0aF91c2VyX2hhc2giOiI5MGVmMmNmNTI3Y2E5OWZmNGNmM2U5ZmI1M2JhMzcyZmExNzdmNzRlIn0=", "expire_date": "2021-06-07T21:44:15.988Z"}}, {"model": "sessions.session", "pk": "5o8d628xx9e4warm7s4rrgm9ag8hhat8", "fields": {"session_data": "YTlkNWNjNTFiZWEwNDIzNjFiNDQ5NTJlOThjOTE0YTczNTgwNjc3Mjp7Il9hdXRoX3VzZXJfaWQiOiIyIiwiX2F1dGhfdXNlcl9iYWNrZW5kIjoiZGphbmdvLmNvbnRyaWIuYXV0aC5iYWNrZW5kcy5Nb2RlbEJhY2tlbmQiLCJfYXV0aF91c2VyX2hhc2giOiIxNDBmZDZkNDBjODZjMTBhMDNhNjEwNTVjZmE2MGQ1ZTZmMTRjYWY4In0=", "expire_date": "2021-06-05T21:25:04.907Z"}}, {"model": "sessions.session", "pk": "6ck5bo5y5xy3z89z3hq31vzx49q2n53f", "fields": {"session_data": "YTlkNWNjNTFiZWEwNDIzNjFiNDQ5NTJlOThjOTE0YTczNTgwNjc3Mjp7Il9hdXRoX3VzZXJfaWQiOiIyIiwiX2F1dGhfdXNlcl9iYWNrZW5kIjoiZGphbmdvLmNvbnRyaWIuYXV0aC5iYWNrZW5kcy5Nb2RlbEJhY2tlbmQiLCJfYXV0aF91c2VyX2hhc2giOiIxNDBmZDZkNDBjODZjMTBhMDNhNjEwNTVjZmE2MGQ1ZTZmMTRjYWY4In0=", "expire_date": "2021-05-08T22:06:22.794Z"}}, {"model": "sessions.session", "pk": "6gx1jt9w153ta94crkwr3dq2tx6oeuje", "fields": {"session_data": "Y2FhY2QxZGIyNmEwY2M2NWVmN2JjZTk3YWVlY2FjYzFiZjhjM2UxZTp7Il9hdXRoX3VzZXJfaWQiOiIxIiwiX2F1dGhfdXNlcl9iYWNrZW5kIjoiZGphbmdvLmNvbnRyaWIuYXV0aC5iYWNrZW5kcy5Nb2RlbEJhY2tlbmQiLCJfYXV0aF91c2VyX2hhc2giOiI5MGVmMmNmNTI3Y2E5OWZmNGNmM2U5ZmI1M2JhMzcyZmExNzdmNzRlIn0=", "expire_date": "2021-05-06T20:58:00.137Z"}}, {"model": "sessions.session", "pk": "b2d90xz6gqcpken1miu8s9mdzcfxyzro", "fields": {"session_data": "Y2FhY2QxZGIyNmEwY2M2NWVmN2JjZTk3YWVlY2FjYzFiZjhjM2UxZTp7Il9hdXRoX3VzZXJfaWQiOiIxIiwiX2F1dGhfdXNlcl9iYWNrZW5kIjoiZGphbmdvLmNvbnRyaWIuYXV0aC5iYWNrZW5kcy5Nb2RlbEJhY2tlbmQiLCJfYXV0aF91c2VyX2hhc2giOiI5MGVmMmNmNTI3Y2E5OWZmNGNmM2U5ZmI1M2JhMzcyZmExNzdmNzRlIn0=", "expire_date": "2021-06-07T21:58:17.266Z"}}, {"model": "sessions.session", "pk": "c3kqo7fk964ej64raggaeq7zc4sap6nv", "fields": {"session_data": "MmExYzgyYmYzM2EwMjZkMDVhN2FhNWEyYjA4MjBmMWRjYTZhZWUzMjp7Il9hdXRoX3VzZXJfaWQiOiI2IiwiX2F1dGhfdXNlcl9iYWNrZW5kIjoiZGphbmdvLmNvbnRyaWIuYXV0aC5iYWNrZW5kcy5Nb2RlbEJhY2tlbmQiLCJfYXV0aF91c2VyX2hhc2giOiJlNzY0OWM3ZTg0MTQ3MzAxM2U5YWZjNTliZDYzMGEzZGQxNTNjNjBkIn0=", "expire_date": "2021-04-28T17:49:50.339Z"}}, {"model": "sessions.session", "pk": "cqhk5zpxk6ir45dmjuv4i2u1itqq167j", "fields": {"session_data": "ODM1MmI3ZjNjMzVmZDZjZGUxYThmMzhjMzcyODk2MDM1YjRjY2IwYjp7Il9hdXRoX3VzZXJfaWQiOiIyMSIsIl9hdXRoX3VzZXJfYmFja2VuZCI6ImRqYW5nby5jb250cmliLmF1dGguYmFja2VuZHMuTW9kZWxCYWNrZW5kIiwiX2F1dGhfdXNlcl9oYXNoIjoiM2UxNGU5YmY4MjU3MWRkZDBiMWMxYTgwMTYzYzgyNzI0YWVjZGViNCJ9", "expire_date": "2021-06-07T20:33:18.850Z"}}, {"model": "sessions.session", "pk": "dqu1vbrfpdkxdz2q2rrm4r9pauft2tso", "fields": {"session_data": "NjliYmRmZGZjYzBjOGQ0NDBmOTU3ZTgwMTRjZWIxMmU3NWJlNDhlMDp7Il9wYXNzd29yZF9yZXNldF90b2tlbiI6IjVxZy1mOTdjZTU5ZjlhMjNhMTJkMjczNSJ9", "expire_date": "2021-05-22T13:03:53.703Z"}}, {"model": "sessions.session", "pk": "g329ubxi79if7hd36mhq3j7s80cpadam", "fields": {"session_data": "NjliYmRmZGZjYzBjOGQ0NDBmOTU3ZTgwMTRjZWIxMmU3NWJlNDhlMDp7Il9wYXNzd29yZF9yZXNldF90b2tlbiI6IjVxZy1mOTdjZTU5ZjlhMjNhMTJkMjczNSJ9", "expire_date": "2021-05-22T15:45:57.048Z"}}, {"model": "sessions.session", "pk": "h2aitqwgldhcfbldtnjqxd5wwepizzs1", "fields": {"session_data": "YTlkNWNjNTFiZWEwNDIzNjFiNDQ5NTJlOThjOTE0YTczNTgwNjc3Mjp7Il9hdXRoX3VzZXJfaWQiOiIyIiwiX2F1dGhfdXNlcl9iYWNrZW5kIjoiZGphbmdvLmNvbnRyaWIuYXV0aC5iYWNrZW5kcy5Nb2RlbEJhY2tlbmQiLCJfYXV0aF91c2VyX2hhc2giOiIxNDBmZDZkNDBjODZjMTBhMDNhNjEwNTVjZmE2MGQ1ZTZmMTRjYWY4In0=", "expire_date": "2021-06-06T20:30:47.113Z"}}, {"model": "sessions.session", "pk": "imposecaghzfub9f7ok1rzv52dde0qyd", "fields": {"session_data": "Y2FhY2QxZGIyNmEwY2M2NWVmN2JjZTk3YWVlY2FjYzFiZjhjM2UxZTp7Il9hdXRoX3VzZXJfaWQiOiIxIiwiX2F1dGhfdXNlcl9iYWNrZW5kIjoiZGphbmdvLmNvbnRyaWIuYXV0aC5iYWNrZW5kcy5Nb2RlbEJhY2tlbmQiLCJfYXV0aF91c2VyX2hhc2giOiI5MGVmMmNmNTI3Y2E5OWZmNGNmM2U5ZmI1M2JhMzcyZmExNzdmNzRlIn0=", "expire_date": "2021-06-02T21:01:26.415Z"}}, {"model": "sessions.session", "pk": "j1qo5fuyt50txqlhnedxbejmaigm7iki", "fields": {"session_data": "YTlkNWNjNTFiZWEwNDIzNjFiNDQ5NTJlOThjOTE0YTczNTgwNjc3Mjp7Il9hdXRoX3VzZXJfaWQiOiIyIiwiX2F1dGhfdXNlcl9iYWNrZW5kIjoiZGphbmdvLmNvbnRyaWIuYXV0aC5iYWNrZW5kcy5Nb2RlbEJhY2tlbmQiLCJfYXV0aF91c2VyX2hhc2giOiIxNDBmZDZkNDBjODZjMTBhMDNhNjEwNTVjZmE2MGQ1ZTZmMTRjYWY4In0=", "expire_date": "2021-06-06T20:55:08.474Z"}}, {"model": "sessions.session", "pk": "jkqmlaop0zjj28nr3w8t2aue7jby21ly", "fields": {"session_data": "Y2FhY2QxZGIyNmEwY2M2NWVmN2JjZTk3YWVlY2FjYzFiZjhjM2UxZTp7Il9hdXRoX3VzZXJfaWQiOiIxIiwiX2F1dGhfdXNlcl9iYWNrZW5kIjoiZGphbmdvLmNvbnRyaWIuYXV0aC5iYWNrZW5kcy5Nb2RlbEJhY2tlbmQiLCJfYXV0aF91c2VyX2hhc2giOiI5MGVmMmNmNTI3Y2E5OWZmNGNmM2U5ZmI1M2JhMzcyZmExNzdmNzRlIn0=", "expire_date": "2021-04-25T12:10:50.009Z"}}, {"model": "sessions.session", "pk": "jzwti8pn30odlnzu5y31qrf71aml58p8", "fields": {"session_data": "YTlkNWNjNTFiZWEwNDIzNjFiNDQ5NTJlOThjOTE0YTczNTgwNjc3Mjp7Il9hdXRoX3VzZXJfaWQiOiIyIiwiX2F1dGhfdXNlcl9iYWNrZW5kIjoiZGphbmdvLmNvbnRyaWIuYXV0aC5iYWNrZW5kcy5Nb2RlbEJhY2tlbmQiLCJfYXV0aF91c2VyX2hhc2giOiIxNDBmZDZkNDBjODZjMTBhMDNhNjEwNTVjZmE2MGQ1ZTZmMTRjYWY4In0=", "expire_date": "2021-06-03T02:29:19.892Z"}}, {"model": "sessions.session", "pk": "ncekm1h64ex69rld5enqxmtgu76jjbj7", "fields": {"session_data": "YTlkNWNjNTFiZWEwNDIzNjFiNDQ5NTJlOThjOTE0YTczNTgwNjc3Mjp7Il9hdXRoX3VzZXJfaWQiOiIyIiwiX2F1dGhfdXNlcl9iYWNrZW5kIjoiZGphbmdvLmNvbnRyaWIuYXV0aC5iYWNrZW5kcy5Nb2RlbEJhY2tlbmQiLCJfYXV0aF91c2VyX2hhc2giOiIxNDBmZDZkNDBjODZjMTBhMDNhNjEwNTVjZmE2MGQ1ZTZmMTRjYWY4In0=", "expire_date": "2021-05-28T08:37:51.389Z"}}, {"model": "sessions.session", "pk": "opiw4dstzkil58mvp4dgzqy5rjxlei2r", "fields": {"session_data": "YTlkNWNjNTFiZWEwNDIzNjFiNDQ5NTJlOThjOTE0YTczNTgwNjc3Mjp7Il9hdXRoX3VzZXJfaWQiOiIyIiwiX2F1dGhfdXNlcl9iYWNrZW5kIjoiZGphbmdvLmNvbnRyaWIuYXV0aC5iYWNrZW5kcy5Nb2RlbEJhY2tlbmQiLCJfYXV0aF91c2VyX2hhc2giOiIxNDBmZDZkNDBjODZjMTBhMDNhNjEwNTVjZmE2MGQ1ZTZmMTRjYWY4In0=", "expire_date": "2021-05-22T15:49:26.846Z"}}, {"model": "sessions.session", "pk": "opycgcfdkqfn12o8cpevvh9uq2wbiqko", "fields": {"session_data": "YTlkNWNjNTFiZWEwNDIzNjFiNDQ5NTJlOThjOTE0YTczNTgwNjc3Mjp7Il9hdXRoX3VzZXJfaWQiOiIyIiwiX2F1dGhfdXNlcl9iYWNrZW5kIjoiZGphbmdvLmNvbnRyaWIuYXV0aC5iYWNrZW5kcy5Nb2RlbEJhY2tlbmQiLCJfYXV0aF91c2VyX2hhc2giOiIxNDBmZDZkNDBjODZjMTBhMDNhNjEwNTVjZmE2MGQ1ZTZmMTRjYWY4In0=", "expire_date": "2021-05-23T15:11:01.083Z"}}, {"model": "sessions.session", "pk": "oyndoznkqsm73ref48aqdu93mt4iv8s9", "fields": {"session_data": "NjcxZjBlNzZmYmQyNDU2YzZkYjEwZGE1NGE0MTFhYjBjYjVjYTIzZTp7Il9hdXRoX3VzZXJfaWQiOiIzIiwiX2F1dGhfdXNlcl9iYWNrZW5kIjoiZGphbmdvLmNvbnRyaWIuYXV0aC5iYWNrZW5kcy5Nb2RlbEJhY2tlbmQiLCJfYXV0aF91c2VyX2hhc2giOiJmMzk0YzNlZDkzZjRjM2Q2YTdmMTIwYmM2NzZkNzY2ZjA2MmFkM2Y3In0=", "expire_date": "2021-05-18T21:29:19.666Z"}}, {"model": "sessions.session", "pk": "p2qwb3chy28hr4k04sdf2am3s0eafwjo", "fields": {"session_data": "MmExYzgyYmYzM2EwMjZkMDVhN2FhNWEyYjA4MjBmMWRjYTZhZWUzMjp7Il9hdXRoX3VzZXJfaWQiOiI2IiwiX2F1dGhfdXNlcl9iYWNrZW5kIjoiZGphbmdvLmNvbnRyaWIuYXV0aC5iYWNrZW5kcy5Nb2RlbEJhY2tlbmQiLCJfYXV0aF91c2VyX2hhc2giOiJlNzY0OWM3ZTg0MTQ3MzAxM2U5YWZjNTliZDYzMGEzZGQxNTNjNjBkIn0=", "expire_date": "2021-05-01T20:11:29.553Z"}}, {"model": "sessions.session", "pk": "sepvjtf4szxnc5p4pskzgx81pab6pkmt", "fields": {"session_data": "NjcxZjBlNzZmYmQyNDU2YzZkYjEwZGE1NGE0MTFhYjBjYjVjYTIzZTp7Il9hdXRoX3VzZXJfaWQiOiIzIiwiX2F1dGhfdXNlcl9iYWNrZW5kIjoiZGphbmdvLmNvbnRyaWIuYXV0aC5iYWNrZW5kcy5Nb2RlbEJhY2tlbmQiLCJfYXV0aF91c2VyX2hhc2giOiJmMzk0YzNlZDkzZjRjM2Q2YTdmMTIwYmM2NzZkNzY2ZjA2MmFkM2Y3In0=", "expire_date": "2021-05-18T21:28:45.227Z"}}, {"model": "sessions.session", "pk": "sj3le0pt9iabcakl2tkmfwhsqap2omu0", "fields": {"session_data": "Y2FhY2QxZGIyNmEwY2M2NWVmN2JjZTk3YWVlY2FjYzFiZjhjM2UxZTp7Il9hdXRoX3VzZXJfaWQiOiIxIiwiX2F1dGhfdXNlcl9iYWNrZW5kIjoiZGphbmdvLmNvbnRyaWIuYXV0aC5iYWNrZW5kcy5Nb2RlbEJhY2tlbmQiLCJfYXV0aF91c2VyX2hhc2giOiI5MGVmMmNmNTI3Y2E5OWZmNGNmM2U5ZmI1M2JhMzcyZmExNzdmNzRlIn0=", "expire_date": "2021-06-02T19:53:34.925Z"}}, {"model": "sessions.session", "pk": "t9iit6uybkapcdwpclbfmf9xgjayyg0s", "fields": {"session_data": "NjcxZjBlNzZmYmQyNDU2YzZkYjEwZGE1NGE0MTFhYjBjYjVjYTIzZTp7Il9hdXRoX3VzZXJfaWQiOiIzIiwiX2F1dGhfdXNlcl9iYWNrZW5kIjoiZGphbmdvLmNvbnRyaWIuYXV0aC5iYWNrZW5kcy5Nb2RlbEJhY2tlbmQiLCJfYXV0aF91c2VyX2hhc2giOiJmMzk0YzNlZDkzZjRjM2Q2YTdmMTIwYmM2NzZkNzY2ZjA2MmFkM2Y3In0=", "expire_date": "2021-04-25T12:31:09.867Z"}}, {"model": "sessions.session", "pk": "taknnd7fr1ptt289skigen2e3581mf3t", "fields": {"session_data": "YTlkNWNjNTFiZWEwNDIzNjFiNDQ5NTJlOThjOTE0YTczNTgwNjc3Mjp7Il9hdXRoX3VzZXJfaWQiOiIyIiwiX2F1dGhfdXNlcl9iYWNrZW5kIjoiZGphbmdvLmNvbnRyaWIuYXV0aC5iYWNrZW5kcy5Nb2RlbEJhY2tlbmQiLCJfYXV0aF91c2VyX2hhc2giOiIxNDBmZDZkNDBjODZjMTBhMDNhNjEwNTVjZmE2MGQ1ZTZmMTRjYWY4In0=", "expire_date": "2021-05-28T07:23:33.629Z"}}, {"model": "sessions.session", "pk": "xe8p6u95h2j196cgo62naj3yqv5phcwm", "fields": {"session_data": "Y2FhY2QxZGIyNmEwY2M2NWVmN2JjZTk3YWVlY2FjYzFiZjhjM2UxZTp7Il9hdXRoX3VzZXJfaWQiOiIxIiwiX2F1dGhfdXNlcl9iYWNrZW5kIjoiZGphbmdvLmNvbnRyaWIuYXV0aC5iYWNrZW5kcy5Nb2RlbEJhY2tlbmQiLCJfYXV0aF91c2VyX2hhc2giOiI5MGVmMmNmNTI3Y2E5OWZmNGNmM2U5ZmI1M2JhMzcyZmExNzdmNzRlIn0=", "expire_date": "2021-06-01T19:19:52.439Z"}}, {"model": "member.group", "pk": 1, "fields": {"group_name": "testGroup", "announce": "in", "is_continue": false, "is_active": true, "is_public": false}}, {"model": "member.group", "pk": 2, "fields": {"group_name": "testGroup2", "announce": "", "is_continue": false, "is_active": true, "is_public": false}}, {"model": "member.group", "pk": 8, "fields": {"group_name": "testGroup3", "announce": "", "is_continue": false, "is_active": true, "is_public": false}}, {"model": "member.group", "pk": 9, "fields": {"group_name": "test", "announce": "", "is_continue": false, "is_active": true, "is_public": false}}, {"model": "member.group", "pk": 10, "fields": {"group_name": "newGroup", "announce": "", "is_continue": false, "is_active": true, "is_public": false}}, {"model": "member.group", "pk": 11, "fields": {"group_name": "new2", "announce": "", "is_continue": false, "is_active": true, "is_public": false}}, {"model": "booking.allcourtinfo", "pk": 1, "fields": {"force_close": false, "range_booking": "7 00:00:00", "payment_member_duration": "01:00:00", "payment_guest_duration": "00:01:00", "payment_group_duration": "00:01:00", "refund_member_duration": "1 00:00:00", "groupbooking_lastmonth_day": 20, "refund_group_day": 20, "open_time": "10:00:00", "close_time": "02:00:00", "num_of_creategroup": 3, "announce": "Announce", "contacts": "Contacts", "rules": "rules", "fes_date_start": "2021-05-01", "fes_date_end": "2021-05-29", "payment_member_duration_fes": "00:05:00", "refund_member_duration_fes": "3 00:00:00"}}, {"model": "booking.eachcourtinfo", "pk": 1, "fields": {"court_number": 1, "price_normal": "200.00", "price_ds_mem": "20.00", "price_ds_group": "20.00", "price_ds_time": "20.00", "time_ds_start": "14:00:00", "time_ds_end": "18:00:00", "is_maintain": false}}, {"model": "booking.eachcourtinfo", "pk": 2, "fields": {"court_number": 2, "price_normal": "200.00", "price_ds_mem": "20.00", "price_ds_group": "20.00", "price_ds_time": "20.00", "time_ds_start": "14:00:00", "time_ds_end": "18:00:00", "is_maintain": false}}, {"model": "booking.eachcourtinfo", "pk": 3, "fields": {"court_number": 3, "price_normal": "200.00", "price_ds_mem": "20.00", "price_ds_group": "20.00", "price_ds_time": "20.00", "time_ds_start": "14:00:00", "time_ds_end": "18:00:00", "is_maintain": false}}, {"model": "booking.eachcourtinfo", "pk": 4, "fields": {"court_number": 4, "price_normal": "220.00", "price_ds_mem": "15.00", "price_ds_group": "15.00", "price_ds_time": "25.00", "time_ds_start": "14:00:00", "time_ds_end": "18:00:00", "is_maintain": false}}, {"model": "auth.permission", "pk": 1, "fields": {"name": "Can add log entry", "content_type": 1, "codename": "add_logentry"}}, {"model": "auth.permission", "pk": 2, "fields": {"name": "Can change log entry", "content_type": 1, "codename": "change_logentry"}}, {"model": "auth.permission", "pk": 3, "fields": {"name": "Can delete log entry", "content_type": 1, "codename": "delete_logentry"}}, {"model": "auth.permission", "pk": 4, "fields": {"name": "Can view log entry", "content_type": 1, "codename": "view_logentry"}}, {"model": "auth.permission", "pk": 5, "fields": {"name": "Can add permission", "content_type": 2, "codename": "add_permission"}}, {"model": "auth.permission", "pk": 6, "fields": {"name": "Can change permission", "content_type": 2, "codename": "change_permission"}}, {"model": "auth.permission", "pk": 7, "fields": {"name": "Can delete permission", "content_type": 2, "codename": "delete_permission"}}, {"model": "auth.permission", "pk": 8, "fields": {"name": "Can view permission", "content_type": 2, "codename": "view_permission"}}, {"model": "auth.permission", "pk": 9, "fields": {"name": "Can add group", "content_type": 3, "codename": "add_group"}}, {"model": "auth.permission", "pk": 10, "fields": {"name": "Can change group", "content_type": 3, "codename": "change_group"}}, {"model": "auth.permission", "pk": 11, "fields": {"name": "Can delete group", "content_type": 3, "codename": "delete_group"}}, {"model": "auth.permission", "pk": 12, "fields": {"name": "Can view group", "content_type": 3, "codename": "view_group"}}, {"model": "auth.permission", "pk": 13, "fields": {"name": "Can add user", "content_type": 4, "codename": "add_user"}}, {"model": "auth.permission", "pk": 14, "fields": {"name": "Can change user", "content_type": 4, "codename": "change_user"}}, {"model": "auth.permission", "pk": 15, "fields": {"name": "Can delete user", "content_type": 4, "codename": "delete_user"}}, {"model": "auth.permission", "pk": 16, "fields": {"name": "Can view user", "content_type": 4, "codename": "view_user"}}, {"model": "auth.permission", "pk": 17, "fields": {"name": "Can add content type", "content_type": 5, "codename": "add_contenttype"}}, {"model": "auth.permission", "pk": 18, "fields": {"name": "Can change content type", "content_type": 5, "codename": "change_contenttype"}}, {"model": "auth.permission", "pk": 19, "fields": {"name": "Can delete content type", "content_type": 5, "codename": "delete_contenttype"}}, {"model": "auth.permission", "pk": 20, "fields": {"name": "Can view content type", "content_type": 5, "codename": "view_contenttype"}}, {"model": "auth.permission", "pk": 21, "fields": {"name": "Can add session", "content_type": 6, "codename": "add_session"}}, {"model": "auth.permission", "pk": 22, "fields": {"name": "Can change session", "content_type": 6, "codename": "change_session"}}, {"model": "auth.permission", "pk": 23, "fields": {"name": "Can delete session", "content_type": 6, "codename": "delete_session"}}, {"model": "auth.permission", "pk": 24, "fields": {"name": "Can view session", "content_type": 6, "codename": "view_session"}}, {"model": "auth.permission", "pk": 25, "fields": {"name": "Can add group", "content_type": 7, "codename": "add_group"}}, {"model": "auth.permission", "pk": 26, "fields": {"name": "Can change group", "content_type": 7, "codename": "change_group"}}, {"model": "auth.permission", "pk": 27, "fields": {"name": "Can delete group", "content_type": 7, "codename": "delete_group"}}, {"model": "auth.permission", "pk": 28, "fields": {"name": "Can view group", "content_type": 7, "codename": "view_group"}}, {"model": "auth.permission", "pk": 29, "fields": {"name": "Can add member", "content_type": 8, "codename": "add_member"}}, {"model": "auth.permission", "pk": 30, "fields": {"name": "Can change member", "content_type": 8, "codename": "change_member"}}, {"model": "auth.permission", "pk": 31, "fields": {"name": "Can delete member", "content_type": 8, "codename": "delete_member"}}, {"model": "auth.permission", "pk": 32, "fields": {"name": "Can view member", "content_type": 8, "codename": "view_member"}}, {"model": "auth.permission", "pk": 33, "fields": {"name": "Can add request", "content_type": 9, "codename": "add_request"}}, {"model": "auth.permission", "pk": 34, "fields": {"name": "Can change request", "content_type": 9, "codename": "change_request"}}, {"model": "auth.permission", "pk": 35, "fields": {"name": "Can delete request", "content_type": 9, "codename": "delete_request"}}, {"model": "auth.permission", "pk": 36, "fields": {"name": "Can view request", "content_type": 9, "codename": "view_request"}}, {"model": "auth.permission", "pk": 37, "fields": {"name": "Can add group member", "content_type": 10, "codename": "add_groupmember"}}, {"model": "auth.permission", "pk": 38, "fields": {"name": "Can change group member", "content_type": 10, "codename": "change_groupmember"}}, {"model": "auth.permission", "pk": 39, "fields": {"name": "Can delete group member", "content_type": 10, "codename": "delete_groupmember"}}, {"model": "auth.permission", "pk": 40, "fields": {"name": "Can view group member", "content_type": 10, "codename": "view_groupmember"}}, {"model": "auth.permission", "pk": 41, "fields": {"name": "Can add all court info", "content_type": 11, "codename": "add_allcourtinfo"}}, {"model": "auth.permission", "pk": 42, "fields": {"name": "Can change all court info", "content_type": 11, "codename": "change_allcourtinfo"}}, {"model": "auth.permission", "pk": 43, "fields": {"name": "Can delete all court info", "content_type": 11, "codename": "delete_allcourtinfo"}}, {"model": "auth.permission", "pk": 44, "fields": {"name": "Can view all court info", "content_type": 11, "codename": "view_allcourtinfo"}}, {"model": "auth.permission", "pk": 45, "fields": {"name": "Can add each court info", "content_type": 12, "codename": "add_eachcourtinfo"}}, {"model": "auth.permission", "pk": 46, "fields": {"name": "Can change each court info", "content_type": 12, "codename": "change_eachcourtinfo"}}, {"model": "auth.permission", "pk": 47, "fields": {"name": "Can delete each court info", "content_type": 12, "codename": "delete_eachcourtinfo"}}, {"model": "auth.permission", "pk": 48, "fields": {"name": "Can view each court info", "content_type": 12, "codename": "view_eachcourtinfo"}}, {"model": "auth.permission", "pk": 49, "fields": {"name": "Can add payment", "content_type": 13, "codename": "add_payment"}}, {"model": "auth.permission", "pk": 50, "fields": {"name": "Can change payment", "content_type": 13, "codename": "change_payment"}}, {"model": "auth.permission", "pk": 51, "fields": {"name": "Can delete payment", "content_type": 13, "codename": "delete_payment"}}, {"model": "auth.permission", "pk": 52, "fields": {"name": "Can view payment", "content_type": 13, "codename": "view_payment"}}, {"model": "auth.permission", "pk": 53, "fields": {"name": "Can add refund", "content_type": 14, "codename": "add_refund"}}, {"model": "auth.permission", "pk": 54, "fields": {"name": "Can change refund", "content_type": 14, "codename": "change_refund"}}, {"model": "auth.permission", "pk": 55, "fields": {"name": "Can delete refund", "content_type": 14, "codename": "delete_refund"}}, {"model": "auth.permission", "pk": 56, "fields": {"name": "Can view refund", "content_type": 14, "codename": "view_refund"}}, {"model": "auth.permission", "pk": 57, "fields": {"name": "Can add booking", "content_type": 15, "codename": "add_booking"}}, {"model": "auth.permission", "pk": 58, "fields": {"name": "Can change booking", "content_type": 15, "codename": "change_booking"}}, {"model": "auth.permission", "pk": 59, "fields": {"name": "Can delete booking", "content_type": 15, "codename": "delete_booking"}}, {"model": "auth.permission", "pk": 60, "fields": {"name": "Can view booking", "content_type": 15, "codename": "view_booking"}}, {"model": "auth.user", "pk": 1, "fields": {"password": "pbkdf2_sha256$180000$dLtaiCTBNJ2p$MCNuG+QM1I1760dH9k95kLnruB1zxtE1phUNr89dpR8=", "last_login": "2021-05-24T21:58:17.264Z", "is_superuser": true, "username": "admin", "first_name": "", "last_name": "", "email": "", "is_staff": true, "is_active": true, "date_joined": "2021-04-09T10:35:38.673Z", "groups": [], "user_permissions": []}}, {"model": "auth.user", "pk": 2, "fields": {"password": "pbkdf2_sha256$180000$W1uZBKyX8wpD$ru7CIaX67GmeOhfdS+fWT9la2qMB8XoW0WKvbe6Lcm8=", "last_login": "2021-05-23T20:55:53.598Z", "is_superuser": false, "username": "thorn", "first_name": "kamthorn", "last_name": "saejeang", "email": "thorn3579q@gmail.com", "is_staff": false, "is_active": true, "date_joined": "2021-04-09T12:06:19Z", "groups": [], "user_permissions": []}}, {"model": "auth.user", "pk": 3, "fields": {"password": "pbkdf2_sha256$180000$GRPdiP00q72S$NjMlCK/022Wi3rzH8FqB+epJ3cZCoqoCY90j01oCLKg=", "last_login": "2021-05-20T02:55:48.532Z", "is_superuser": false, "username": "thorn2", "first_name": "kamthorn2", "last_name": "saejeang", "email": "thorn2@gmail.com", "is_staff": false, "is_active": true, "date_joined": "2021-04-11T12:21:48Z", "groups": [], "user_permissions": []}}, {"model": "auth.user", "pk": 4, "fields": {"password": "pbkdf2_sha256$180000$FH4ebf9oslyv$fEdDKg4ssZkioxzFQ+VMnvL2NBmmoc3QKyGaw+aYD6o=", "last_login": "2021-05-20T02:56:01.405Z", "is_superuser": false, "username": "thorn3", "first_name": "kamthorn3", "last_name": "saejeang", "email": "thorn3@gmail.com", "is_staff": false, "is_active": true, "date_joined": "2021-04-11T12:22:01Z", "groups": [], "user_permissions": []}}, {"model": "auth.user", "pk": 5, "fields": {"password": "pbkdf2_sha256$180000$8tx3lmj4Q0mg$t7ovZK4dyJArxfLE4NyuWFMR2W84Wd9gwM7Cfgnrbhk=", "last_login": "2021-05-19T22:17:23.256Z", "is_superuser": false, "username": "thorn4", "first_name": "kamthorn4", "last_name": "saejeang", "email": "thorn4@gmail.com", "is_staff": false, "is_active": true, "date_joined": "2021-04-11T12:22:12Z", "groups": [], "user_permissions": []}}, {"model": "auth.user", "pk": 6, "fields": {"password": "pbkdf2_sha256$180000$0DenbwFd5vYF$XLDYzUSXZYLl6e0Tq/VDbTyMF6biSbxLdakcei8fX5A=", "last_login": "2021-05-19T22:13:39.067Z", "is_superuser": false, "username": "thorn5", "first_name": "kamthorn5", "last_name": "saejeang", "email": "thorn5@gmail.com", "is_staff": false, "is_active": true, "date_joined": "2021-04-11T12:51:41.605Z", "groups": [], "user_permissions": []}}, {"model": "auth.user", "pk": 7, "fields": {"password": "pbkdf2_sha256$180000$whjxWYCH3Uju$nScIrkGMbOe1z5VEOHOXnomwoh0cW+o0TrVqRhZOocA=", "last_login": "2021-05-19T22:13:03.703Z", "is_superuser": false, "username": "thorn6", "first_name": "kamthorn6", "last_name": "saejeang", "email": "thorn6@gmail.com", "is_staff": false, "is_active": true, "date_joined": "2021-04-14T16:24:07.097Z", "groups": [], "user_permissions": []}}, {"model": "auth.user", "pk": 8, "fields": {"password": "pbkdf2_sha256$180000$yag3gzeNjZqf$eQih+jXQ18QAhwOgv5VVXqHKXPAj107bNkAFkQw3v1Q=", "last_login": "2021-05-19T22:12:40.596Z", "is_superuser": false, "username": "thorn7", "first_name": "kamthorn7", "last_name": "saejeang", "email": "thorn7@gmail.com", "is_staff": false, "is_active": true, "date_joined": "2021-04-14T16:35:56.267Z", "groups": [], "user_permissions": []}}, {"model": "auth.user", "pk": 9, "fields": {"password": "pbkdf2_sha256$180000$yFesqknKoNhe$HhYa8uYzsTHALh3IN/jDSQ/Dved4u/c1B3lIZZ5QeZI=", "last_login": "2021-05-19T20:03:14.032Z", "is_superuser": false, "username": "thorn35799", "first_name": "Kamthorn", "last_name": "Saejeang", "email": "thorn35790@gmail.com", "is_staff": false, "is_active": true, "date_joined": "2021-05-08T12:33:36.945Z", "groups": [], "user_permissions": []}}, {"model": "auth.user", "pk": 15, "fields": {"password": "pbkdf2_sha256$180000$K6ep6Ws7PgR5$S5fGyTu0iJMAUjGxfP0eYd8anMxRhkbd+bkehNVHlg0=", "last_login": "2021-05-19T22:08:15.874Z", "is_superuser": false, "username": "thorn35790", "first_name": "Kamthorn", "last_name": "Saejeang", "email": "thorn3579q@gmail.com", "is_staff": false, "is_active": true, "date_joined": "2021-05-19T20:23:39.350Z", "groups": [], "user_permissions": []}}, {"model": "auth.user", "pk": 16, "fields": {"password": "pbkdf2_sha256$180000$EAqF8VJtI5kW$Jx/1tWJYC2QzBEg0NZh1/3uK0giqrh+v2nEH4M68IKA=", "last_login": null, "is_superuser": false, "username": "thorn1", "first_name": "Kamthorn", "last_name": "Saejeang", "email": "thorn3579q@gmail.com", "is_staff": false, "is_active": false, "date_joined": "2021-05-20T02:24:52.973Z", "groups": [], "user_permissions": []}}, {"model": "auth.user", "pk": 18, "fields": {"password": "pbkdf2_sha256$180000$0EWffdFQUfHj$49HEv5ZQDrYLGv2uKMz2fuR0oPMzDqRFD3ybs4GPsk8=", "last_login": "2021-05-20T02:56:26.781Z", "is_superuser": false, "username": "kamthorn", "first_name": "Kamthorn", "last_name": "Saejeang", "email": "thorn3579@gmail.com", "is_staff": false, "is_active": true, "date_joined": "2021-05-20T02:53:52.019Z", "groups": [], "user_permissions": []}}, {"model": "auth.user", "pk": 19, "fields": {"password": "pbkdf2_sha256$180000$mUskLPncvAxS$ev9q4SuvUKuGixuwbSjcPgy0RwafhHvTtkziyhqCsZo=", "last_login": null, "is_superuser": false, "username": "thorn123", "first_name": "Kamthorn", "last_name": "Saejeang", "email": "bimigi3664@o3live.com", "is_staff": false, "is_active": true, "date_joined": "2021-05-20T03:33:34.846Z", "groups": [], "user_permissions": []}}, {"model": "auth.user", "pk": 21, "fields": {"password": "pbkdf2_sha256$180000$JqpQnawGgBlR$6LYng1zsMpO5fdfrZ8t2DHW/W1Ok6UUELgDvZiX2Y4c=", "last_login": "2021-05-24T20:33:18.847Z", "is_superuser": true, "username": "admin2", "first_name": "", "last_name": "", "email": "", "is_staff": true, "is_active": true, "date_joined": "2021-05-24T20:30:29.528Z", "groups": [], "user_permissions": []}}, {"model": "member.member", "pk": 2, "fields": {"tel": "00000221", "birthday": "1999-03-15", "gender": "male", "public": true, "virtualid": "060e5eda"}}, {"model": "member.member", "pk": 3, "fields": {"tel": "00000221", "birthday": "1999-03-15", "gender": "male", "public": true, "virtualid": "9c92f447"}}, {"model": "member.member", "pk": 4, "fields": {"tel": "00000221", "birthday": "1999-03-15", "gender": "male", "public": true, "virtualid": "99ab2448"}}, {"model": "member.member", "pk": 5, "fields": {"tel": "00000221", "birthday": "1999-03-15", "gender": "male", "public": true, "virtualid": "992a449e"}}, {"model": "member.member", "pk": 6, "fields": {"tel": "00000221", "birthday": "1999-03-15", "gender": "male", "public": true, "virtualid": "b6058f96"}}, {"model": "member.member", "pk": 7, "fields": {"tel": "00000221", "birthday": "1999-03-15", "gender": "male", "public": true, "virtualid": "627d3f07"}}, {"model": "member.member", "pk": 8, "fields": {"tel": "00000221", "birthday": "1999-03-15", "gender": "male", "public": true, "virtualid": "d4131a20"}}, {"model": "member.member", "pk": 9, "fields": {"tel": "0845991843", "birthday": "1921-01-01", "gender": "1", "public": true, "virtualid": "17c765fe"}}, {"model": "member.member", "pk": 15, "fields": {"tel": "0800000000", "birthday": null, "gender": "", "public": true, "virtualid": "c38b95ba"}}, {"model": "member.member", "pk": 16, "fields": {"tel": "", "birthday": null, "gender": "", "public": true, "virtualid": "24a68954"}}, {"model": "member.member", "pk": 18, "fields": {"tel": "", "birthday": null, "gender": "", "public": true, "virtualid": "2976a249"}}, {"model": "member.member", "pk": 19, "fields": {"tel": "", "birthday": null, "gender": "", "public": true, "virtualid": "9a599314"}}, {"model": "member.groupmember", "pk": 1, "fields": {"group": 1, "member": 2, "role": "h", "on_court": false}}, {"model": "member.groupmember", "pk": 2, "fields": {"group": 1, "member": 3, "role": "m", "on_court": false}}, {"model": "member.groupmember", "pk": 6, "fields": {"group": 2, "member": 3, "role": "h", "on_court": false}}, {"model": "member.groupmember", "pk": 7, "fields": {"group": 2, "member": 6, "role": "m", "on_court": false}}, {"model": "member.groupmember", "pk": 8, "fields": {"group": 2, "member": 7, "role": "m", "on_court": false}}, {"model": "member.groupmember", "pk": 10, "fields": {"group": 2, "member": 8, "role": "m", "on_court": false}}, {"model": "member.groupmember", "pk": 28, "fields": {"group": 8, "member": 8, "role": "h", "on_court": false}}, {"model": "member.groupmember", "pk": 29, "fields": {"group": 8, "member": 3, "role": "m", "on_court": false}}, {"model": "member.groupmember", "pk": 30, "fields": {"group": 8, "member": 4, "role": "m", "on_court": false}}, {"model": "member.groupmember", "pk": 31, "fields": {"group": 8, "member": 5, "role": "m", "on_court": false}}, {"model": "member.groupmember", "pk": 33, "fields": {"group": 9, "member": 5, "role": "h", "on_court": false}}, {"model": "member.groupmember", "pk": 34, "fields": {"group": 9, "member": 3, "role": "m", "on_court": false}}, {"model": "member.groupmember", "pk": 36, "fields": {"group": 9, "member": 2, "role": "m", "on_court": false}}, {"model": "member.groupmember", "pk": 38, "fields": {"group": 10, "member": 15, "role": "h", "on_court": false}}, {"model": "member.groupmember", "pk": 39, "fields": {"group": 10, "member": 3, "role": "m", "on_court": false}}, {"model": "member.groupmember", "pk": 40, "fields": {"group": 10, "member": 4, "role": "m", "on_court": false}}, {"model": "member.groupmember", "pk": 41, "fields": {"group": 10, "member": 5, "role": "m", "on_court": false}}, {"model": "member.groupmember", "pk": 42, "fields": {"group": 2, "member": 5, "role": "m", "on_court": false}}, {"model": "member.groupmember", "pk": 43, "fields": {"group": 9, "member": 4, "role": "m", "on_court": false}}, {"model": "member.groupmember", "pk": 44, "fields": {"group": 11, "member": 18, "role": "h", "on_court": false}}, {"model": "member.groupmember", "pk": 45, "fields": {"group": 11, "member": 2, "role": "m", "on_court": false}}, {"model": "member.groupmember", "pk": 46, "fields": {"group": 11, "member": 3, "role": "m", "on_court": false}}, {"model": "member.groupmember", "pk": 47, "fields": {"group": 11, "member": 4, "role": "m", "on_court": false}}, {"model": "admin.logentry", "pk": 1, "fields": {"action_time": "2021-04-09T10:36:23.093Z", "user": 1, "content_type": 11, "object_id": "1", "object_repr": "AllCourtInfo object (1)", "action_flag": 1, "change_message": "[{\"added\": {}}]"}}, {"model": "admin.logentry", "pk": 2, "fields": {"action_time": "2021-04-09T11:50:55.998Z", "user": 1, "content_type": 11, "object_id": "1", "object_repr": "AllCourtInfo object (1)", "action_flag": 2, "change_message": "[{\"changed\": {\"fields\": [\"Qrcode\"]}}]"}}, {"model": "admin.logentry", "pk": 3, "fields": {"action_time": "2021-04-09T11:53:13.782Z", "user": 1, "content_type": 11, "object_id": "1", "object_repr": "AllCourtInfo object (1)", "action_flag": 2, "change_message": "[{\"changed\": {\"fields\": [\"Qrcode\"]}}]"}}, {"model": "admin.logentry", "pk": 4, "fields": {"action_time": "2021-04-09T11:55:07.851Z", "user": 1, "content_type": 11, "object_id": "1", "object_repr": "AllCourtInfo object (1)", "action_flag": 2, "change_message": "[{\"changed\": {\"fields\": [\"Qrcode\"]}}]"}}, {"model": "admin.logentry", "pk": 5, "fields": {"action_time": "2021-04-09T11:56:54.847Z", "user": 1, "content_type": 11, "object_id": "1", "object_repr": "AllCourtInfo object (1)", "action_flag": 2, "change_message": "[{\"changed\": {\"fields\": [\"Qrcode\"]}}]"}}, {"model": "admin.logentry", "pk": 6, "fields": {"action_time": "2021-04-09T12:01:41.944Z", "user": 1, "content_type": 12, "object_id": "1", "object_repr": "EachCourtInfo object (1)", "action_flag": 1, "change_message": "[{\"added\": {}}]"}}, {"model": "admin.logentry", "pk": 7, "fields": {"action_time": "2021-04-09T12:01:56.939Z", "user": 1, "content_type": 12, "object_id": "2", "object_repr": "EachCourtInfo object (2)", "action_flag": 1, "change_message": "[{\"added\": {}}]"}}, {"model": "admin.logentry", "pk": 8, "fields": {"action_time": "2021-04-09T12:02:10.660Z", "user": 1, "content_type": 12, "object_id": "3", "object_repr": "EachCourtInfo object (3)", "action_flag": 1, "change_message": "[{\"added\": {}}]"}}, {"model": "admin.logentry", "pk": 9, "fields": {"action_time": "2021-04-09T12:02:30.139Z", "user": 1, "content_type": 12, "object_id": "4", "object_repr": "EachCourtInfo object (4)", "action_flag": 1, "change_message": "[{\"added\": {}}]"}}, {"model": "admin.logentry", "pk": 10, "fields": {"action_time": "2021-04-09T16:12:43.573Z", "user": 1, "content_type": 11, "object_id": "1", "object_repr": "AllCourtInfo object (1)", "action_flag": 2, "change_message": "[{\"changed\": {\"fields\": [\"Open time\", \"Close time\"]}}]"}}, {"model": "admin.logentry", "pk": 11, "fields": {"action_time": "2021-04-09T16:38:16.134Z", "user": 1, "content_type": 11, "object_id": "1", "object_repr": "AllCourtInfo object (1)", "action_flag": 2, "change_message": "[{\"changed\": {\"fields\": [\"Range booking days\"]}}]"}}, {"model": "admin.logentry", "pk": 12, "fields": {"action_time": "2021-04-11T12:09:35.652Z", "user": 1, "content_type": 8, "object_id": "2", "object_repr": "thorn", "action_flag": 2, "change_message": "[{\"changed\": {\"fields\": [\"Email address\"]}}]"}}, {"model": "admin.logentry", "pk": 13, "fields": {"action_time": "2021-04-11T12:51:10.379Z", "user": 1, "content_type": 8, "object_id": "3", "object_repr": "thorn2", "action_flag": 2, "change_message": "[{\"changed\": {\"fields\": [\"Virtualid\"]}}]"}}, {"model": "admin.logentry", "pk": 14, "fields": {"action_time": "2021-04-11T12:51:17.084Z", "user": 1, "content_type": 8, "object_id": "4", "object_repr": "thorn3", "action_flag": 2, "change_message": "[{\"changed\": {\"fields\": [\"Virtualid\"]}}]"}}, {"model": "admin.logentry", "pk": 15, "fields": {"action_time": "2021-04-11T12:51:23.839Z", "user": 1, "content_type": 8, "object_id": "5", "object_repr": "thorn4", "action_flag": 2, "change_message": "[{\"changed\": {\"fields\": [\"Virtualid\"]}}]"}}, {"model": "admin.logentry", "pk": 16, "fields": {"action_time": "2021-04-22T20:59:10.782Z", "user": 1, "content_type": 11, "object_id": "1", "object_repr": "AllCourtInfo object (1)", "action_flag": 2, "change_message": "[{\"changed\": {\"fields\": [\"Payment group duration\", \"Groupbooking lastmonth duration\"]}}]"}}, {"model": "admin.logentry", "pk": 17, "fields": {"action_time": "2021-04-22T21:12:57.878Z", "user": 1, "content_type": 11, "object_id": "1", "object_repr": "AllCourtInfo object (1)", "action_flag": 2, "change_message": "[{\"changed\": {\"fields\": [\"Groupbooking lastmonth day\"]}}]"}}, {"model": "admin.logentry", "pk": 18, "fields": {"action_time": "2021-05-14T09:33:34.395Z", "user": 1, "content_type": 11, "object_id": "1", "object_repr": "AllCourtInfo object (1)", "action_flag": 2, "change_message": "[{\"changed\": {\"fields\": [\"Refund group day\", \"Refund group percent\", \"Bank acc id\", \"Bank acc name\"]}}]"}}, {"model": "admin.logentry", "pk": 19, "fields": {"action_time": "2021-05-14T09:37:27.662Z", "user": 1, "content_type": 11, "object_id": "1", "object_repr": "AllCourtInfo object (1)", "action_flag": 2, "change_message": "[{\"changed\": {\"fields\": [\"Groupbooking lastmonth day\"]}}]"}}, {"model": "admin.logentry", "pk": 20, "fields": {"action_time": "2021-05-14T09:37:53.243Z", "user": 1, "content_type": 11, "object_id": "1", "object_repr": "AllCourtInfo object (1)", "action_flag": 2, "change_message": "[{\"changed\": {\"fields\": [\"Groupbooking lastmonth day\"]}}]"}}, {"model": "admin.logentry", "pk": 21, "fields": {"action_time": "2021-05-14T09:40:20.541Z", "user": 1, "content_type": 11, "object_id": "1", "object_repr": "AllCourtInfo object (1)", "action_flag": 2, "change_message": "[{\"changed\": {\"fields\": [\"Groupbooking lastmonth day\"]}}]"}}, {"model": "member.request", "pk": 1, "fields": {"group": 1, "sender": 2, "receiver": 3, "action": 0, "read": true}}, {"model": "member.request", "pk": 2, "fields": {"group": 1, "sender": 2, "receiver": 4, "action": 0, "read": true}}, {"model": "member.request", "pk": 3, "fields": {"group": 1, "sender": 2, "receiver": 5, "action": 0, "read": true}}, {"model": "member.request", "pk": 5, "fields": {"group": 2, "sender": 2, "receiver": 6, "action": 0, "read": true}}, {"model": "member.request", "pk": 6, "fields": {"group": 2, "sender": 2, "receiver": 7, "action": 0, "read": true}}, {"model": "member.request", "pk": 7, "fields": {"group": 2, "sender": 2, "receiver": 8, "action": 0, "read": true}}, {"model": "member.request", "pk": 8, "fields": {"group": 1, "sender": 8, "receiver": 2, "action": 1, "read": true}}, {"model": "member.request", "pk": 9, "fields": {"group": 1, "sender": 7, "receiver": 2, "action": 1, "read": true}}, {"model": "member.request", "pk": 10, "fields": {"group": 1, "sender": 8, "receiver": 2, "action": 1, "read": true}}, {"model": "member.request", "pk": 11, "fields": {"group": 1, "sender": 8, "receiver": 2, "action": 1, "read": true}}, {"model": "member.request", "pk": 12, "fields": {"group": 1, "sender": 8, "receiver": 2, "action": 1, "read": true}}, {"model": "member.request", "pk": 17, "fields": {"group": 2, "sender": 3, "receiver": 2, "action": 1, "read": true}}, {"model": "member.request", "pk": 30, "fields": {"group": 8, "sender": 2, "receiver": 3, "action": 0, "read": true}}, {"model": "member.request", "pk": 31, "fields": {"group": 8, "sender": 2, "receiver": 4, "action": 0, "read": true}}, {"model": "member.request", "pk": 32, "fields": {"group": 8, "sender": 2, "receiver": 5, "action": 0, "read": true}}, {"model": "member.request", "pk": 33, "fields": {"group": 8, "sender": 6, "receiver": 2, "action": 1, "read": true}}, {"model": "member.request", "pk": 34, "fields": {"group": 9, "sender": 5, "receiver": 2, "action": 0, "read": true}}, {"model": "member.request", "pk": 35, "fields": {"group": 9, "sender": 5, "receiver": 3, "action": 0, "read": true}}, {"model": "member.request", "pk": 36, "fields": {"group": 9, "sender": 5, "receiver": 4, "action": 0, "read": true}}, {"model": "member.request", "pk": 37, "fields": {"group": 1, "sender": 4, "receiver": 2, "action": 1, "read": true}}, {"model": "member.request", "pk": 38, "fields": {"group": 10, "sender": 15, "receiver": 3, "action": 0, "read": true}}, {"model": "member.request", "pk": 39, "fields": {"group": 10, "sender": 15, "receiver": 4, "action": 0, "read": true}}, {"model": "member.request", "pk": 40, "fields": {"group": 10, "sender": 15, "receiver": 5, "action": 0, "read": true}}, {"model": "member.request", "pk": 41, "fields": {"group": 2, "sender": 5, "receiver": 3, "action": 1, "read": true}}, {"model": "member.request", "pk": 42, "fields": {"group": 9, "sender": 4, "receiver": 5, "action": 1, "read": true}}, {"model": "member.request", "pk": 43, "fields": {"group": 11, "sender": 18, "receiver": 2, "action": 0, "read": true}}, {"model": "member.request", "pk": 44, "fields": {"group": 11, "sender": 18, "receiver": 3, "action": 0, "read": true}}, {"model": "member.request", "pk": 45, "fields": {"group": 11, "sender": 18, "receiver": 4, "action": 0, "read": true}}, {"model": "booking.booking", "pk": 816, "fields": {"name": "kamthorn", "email": "thorn3579q@gmail.com", "tel": "00000221", "member": 2, "group": null, "court": 1, "booking_datetime": "2021-05-25T17:00:00Z", "exp_datetime": null, "refund_datetime": "2021-05-22T17:00:00Z", "price_normal": "200.00", "price_ds": "40.00", "price_pay": "160.00", "payment_state": 1, "timestamp": "2021-05-25T02:43:04.711Z", "bookingid": "82b6e28a166c4b76a740b62b9605e464", "paymentid": "71418084f40748d1902238191590e44b", "refundid": null, "is_deleted": false}}, {"model": "booking.booking", "pk": 817, "fields": {"name": "kamthorn", "email": "thorn3579q@gmail.com", "tel": "00000221", "member": 2, "group": null, "court": 1, "booking_datetime": "2021-05-25T18:00:00Z", "exp_datetime": null, "refund_datetime": "2021-05-22T18:00:00Z", "price_normal": "200.00", "price_ds": "20.00", "price_pay": "180.00", "payment_state": 1, "timestamp": "2021-05-25T02:43:04.711Z", "bookingid": "00ac904583324d00a3a563403eedc927", "paymentid": "71418084f40748d1902238191590e44b", "refundid": null, "is_deleted": false}}, {"model": "booking.booking", "pk": 818, "fields": {"name": "kamthorn", "email": "thorn3579q@gmail.com", "tel": "00000221", "member": 2, "group": null, "court": 1, "booking_datetime": "2021-05-30T15:00:00Z", "exp_datetime": null, "refund_datetime": "2021-05-27T15:00:00Z", "price_normal": "200.00", "price_ds": "40.00", "price_pay": "160.00", "payment_state": 1, "timestamp": "2021-05-25T02:43:04.711Z", "bookingid": "7ec309eab3ce4f0ab9b9d5352ef7ddea", "paymentid": "e2b436b16e134a0591dd64dc7f54985b", "refundid": null, "is_deleted": false}}, {"model": "booking.booking", "pk": 819, "fields": {"name": "kamthorn", "email": "thorn3579q@gmail.com", "tel": "00000221", "member": 2, "group": null, "court": 1, "booking_datetime": "2021-05-30T14:00:00Z", "exp_datetime": null, "refund_datetime": "2021-05-27T14:00:00Z", "price_normal": "200.00", "price_ds": "40.00", "price_pay": "160.00", "payment_state": 3, "timestamp": "2021-05-25T02:43:04.711Z", "bookingid": "09e6b760f9b048d1959fee5eb495f687", "paymentid": "e2b436b16e134a0591dd64dc7f54985b", "refundid": "3b6f4c28e03d447fb470d2bb10b2c924", "is_deleted": false}}, {"model": "booking.booking", "pk": 820, "fields": {"name": "kamthorn", "email": "thorn3579q@gmail.com", "tel": "00000221", "member": 2, "group": 1, "court": 1, "booking_datetime": "2021-06-07T14:00:00Z", "exp_datetime": null, "refund_datetime": "2021-05-25T02:53:08.798Z", "price_normal": "200.00", "price_ds": "40.00", "price_pay": "160.00", "payment_state": 1, "timestamp": "2021-05-25T02:53:08.798Z", "bookingid": "76a9dbb17aee486eaef15e4cdba15423", "paymentid": "8e5ba67b92a34ae2a0aaa1e00f53d18e", "refundid": null, "is_deleted": false}}, {"model": "booking.booking", "pk": 821, "fields": {"name": "kamthorn", "email": "thorn3579q@gmail.com", "tel": "00000221", "member": 2, "group": 1, "court": 1, "booking_datetime": "2021-06-14T14:00:00Z", "exp_datetime": null, "refund_datetime": "2021-05-25T02:53:08.798Z", "price_normal": "200.00", "price_ds": "40.00", "price_pay": "160.00", "payment_state": 1, "timestamp": "2021-05-25T02:53:08.798Z", "bookingid": "efff2ada6f634b01bfacde103dab0193", "paymentid": "8e5ba67b92a34ae2a0aaa1e00f53d18e", "refundid": null, "is_deleted": false}}, {"model": "booking.booking", "pk": 822, "fields": {"name": "kamthorn", "email": "thorn3579q@gmail.com", "tel": "00000221", "member": 2, "group": 1, "court": 1, "booking_datetime": "2021-06-21T14:00:00Z", "exp_datetime": null, "refund_datetime": "2021-05-25T02:53:08.798Z", "price_normal": "200.00", "price_ds": "40.00", "price_pay": "160.00", "payment_state": 1, "timestamp": "2021-05-25T02:53:08.798Z", "bookingid": "135e4e3e48d142abbd49f6ed8f9365a2", "paymentid": "8e5ba67b92a34ae2a0aaa1e00f53d18e", "refundid": null, "is_deleted": false}}, {"model": "booking.booking", "pk": 823, "fields": {"name": "kamthorn", "email": "thorn3579q@gmail.com", "tel": "00000221", "member": 2, "group": 1, "court": 1, "booking_datetime": "2021-06-28T14:00:00Z", "exp_datetime": null, "refund_datetime": "2021-05-25T02:53:08.798Z", "price_normal": "200.00", "price_ds": "40.00", "price_pay": "160.00", "payment_state": 1, "timestamp": "2021-05-25T02:53:08.798Z", "bookingid": "8f28408d62204021bd9feb10233ed623", "paymentid": "8e5ba67b92a34ae2a0aaa1e00f53d18e", "refundid": null, "is_deleted": false}}, {"model": "booking.booking", "pk": 824, "fields": {"name": "kamthorn", "email": "thorn3579q@gmail.com", "tel": "00000221", "member": 2, "group": 1, "court": 1, "booking_datetime": "2021-06-07T15:00:00Z", "exp_datetime": null, "refund_datetime": "2021-05-25T02:53:08.798Z", "price_normal": "200.00", "price_ds": "40.00", "price_pay": "160.00", "payment_state": 1, "timestamp": "2021-05-25T02:53:08.798Z", "bookingid": "c36daa52a1ef45a2bb5ab5dc612612a2", "paymentid": "8e5ba67b92a34ae2a0aaa1e00f53d18e", "refundid": null, "is_deleted": false}}, {"model": "booking.booking", "pk": 825, "fields": {"name": "kamthorn", "email": "thorn3579q@gmail.com", "tel": "00000221", "member": 2, "group": 1, "court": 1, "booking_datetime": "2021-06-14T15:00:00Z", "exp_datetime": null, "refund_datetime": "2021-05-25T02:53:08.798Z", "price_normal": "200.00", "price_ds": "40.00", "price_pay": "160.00", "payment_state": 1, "timestamp": "2021-05-25T02:53:08.798Z", "bookingid": "379bfa7127194545b613e4838870da20", "paymentid": "8e5ba67b92a34ae2a0aaa1e00f53d18e", "refundid": null, "is_deleted": false}}, {"model": "booking.booking", "pk": 826, "fields": {"name": "kamthorn", "email": "thorn3579q@gmail.com", "tel": "00000221", "member": 2, "group": 1, "court": 1, "booking_datetime": "2021-06-21T15:00:00Z", "exp_datetime": null, "refund_datetime": "2021-05-25T02:53:08.798Z", "price_normal": "200.00", "price_ds": "40.00", "price_pay": "160.00", "payment_state": 1, "timestamp": "2021-05-25T02:53:08.798Z", "bookingid": "2242eef1ab2c48c08cda1c84eee0aadb", "paymentid": "8e5ba67b92a34ae2a0aaa1e00f53d18e", "refundid": null, "is_deleted": false}}, {"model": "booking.booking", "pk": 827, "fields": {"name": "kamthorn", "email": "thorn3579q@gmail.com", "tel": "00000221", "member": 2, "group": 1, "court": 1, "booking_datetime": "2021-06-28T15:00:00Z", "exp_datetime": null, "refund_datetime": "2021-05-25T02:53:08.798Z", "price_normal": "200.00", "price_ds": "40.00", "price_pay": "160.00", "payment_state": 1, "timestamp": "2021-05-25T02:53:08.798Z", "bookingid": "3b16dc6148b344e8ac7c8af353015656", "paymentid": "8e5ba67b92a34ae2a0aaa1e00f53d18e", "refundid": null, "is_deleted": false}}, {"model": "booking.booking", "pk": 828, "fields": {"name": "kamthorn", "email": "thorn3579q@gmail.com", "tel": "00000221", "member": 2, "group": 1, "court": 1, "booking_datetime": "2021-06-07T16:00:00Z", "exp_datetime": null, "refund_datetime": "2021-05-25T02:54:50.133Z", "price_normal": "200.00", "price_ds": "40.00", "price_pay": "160.00", "payment_state": 1, "timestamp": "2021-05-25T02:54:50.133Z", "bookingid": "aab89d9c0b244af489c76dd2ecc73fc8", "paymentid": "88e9856099cf433082c84175d5b6f087", "refundid": null, "is_deleted": false}}, {"model": "booking.booking", "pk": 829, "fields": {"name": "kamthorn", "email": "thorn3579q@gmail.com", "tel": "00000221", "member": 2, "group": 1, "court": 1, "booking_datetime": "2021-06-14T16:00:00Z", "exp_datetime": null, "refund_datetime": "2021-05-25T02:54:50.133Z", "price_normal": "200.00", "price_ds": "40.00", "price_pay": "160.00", "payment_state": 1, "timestamp": "2021-05-25T02:54:50.133Z", "bookingid": "288338abf512425cbac2555524af1fbd", "paymentid": "88e9856099cf433082c84175d5b6f087", "refundid": null, "is_deleted": false}}, {"model": "booking.booking", "pk": 830, "fields": {"name": "kamthorn", "email": "thorn3579q@gmail.com", "tel": "00000221", "member": 2, "group": 1, "court": 1, "booking_datetime": "2021-06-21T16:00:00Z", "exp_datetime": null, "refund_datetime": "2021-05-25T02:54:50.133Z", "price_normal": "200.00", "price_ds": "40.00", "price_pay": "160.00", "payment_state": 1, "timestamp": "2021-05-25T02:54:50.133Z", "bookingid": "64f30f397f4b4f7a80b87950a52d641e", "paymentid": "88e9856099cf433082c84175d5b6f087", "refundid": null, "is_deleted": false}}, {"model": "booking.booking", "pk": 831, "fields": {"name": "kamthorn", "email": "thorn3579q@gmail.com", "tel": "00000221", "member": 2, "group": 1, "court": 1, "booking_datetime": "2021-06-28T16:00:00Z", "exp_datetime": null, "refund_datetime": "2021-05-25T02:54:50.133Z", "price_normal": "200.00", "price_ds": "40.00", "price_pay": "160.00", "payment_state": 1, "timestamp": "2021-05-25T02:54:50.133Z", "bookingid": "82446e5eedf9401fb35781ba4317ffe6", "paymentid": "88e9856099cf433082c84175d5b6f087", "refundid": null, "is_deleted": false}}, {"model": "booking.booking", "pk": 832, "fields": {"name": "kamthorn", "email": "thorn3579q@gmail.com", "tel": "00000221", "member": 2, "group": 1, "court": 1, "booking_datetime": "2021-06-07T17:00:00Z", "exp_datetime": null, "refund_datetime": "2021-05-25T02:54:50.133Z", "price_normal": "200.00", "price_ds": "40.00", "price_pay": "160.00", "payment_state": 1, "timestamp": "2021-05-25T02:54:50.133Z", "bookingid": "82a870a405c146e4a786f96a8679203e", "paymentid": "88e9856099cf433082c84175d5b6f087", "refundid": null, "is_deleted": false}}, {"model": "booking.booking", "pk": 833, "fields": {"name": "kamthorn", "email": "thorn3579q@gmail.com", "tel": "00000221", "member": 2, "group": 1, "court": 1, "booking_datetime": "2021-06-14T17:00:00Z", "exp_datetime": null, "refund_datetime": "2021-05-25T02:54:50.133Z", "price_normal": "200.00", "price_ds": "40.00", "price_pay": "160.00", "payment_state": 1, "timestamp": "2021-05-25T02:54:50.133Z", "bookingid": "dcca20cf13904189934b4f249eb77377", "paymentid": "88e9856099cf433082c84175d5b6f087", "refundid": null, "is_deleted": false}}, {"model": "booking.booking", "pk": 834, "fields": {"name": "kamthorn", "email": "thorn3579q@gmail.com", "tel": "00000221", "member": 2, "group": 1, "court": 1, "booking_datetime": "2021-06-21T17:00:00Z", "exp_datetime": null, "refund_datetime": "2021-05-25T02:54:50.133Z", "price_normal": "200.00", "price_ds": "40.00", "price_pay": "160.00", "payment_state": 1, "timestamp": "2021-05-25T02:54:50.133Z", "bookingid": "e6c35b86eb6c4ceeba7929fcbc1d3384", "paymentid": "88e9856099cf433082c84175d5b6f087", "refundid": null, "is_deleted": false}}, {"model": "booking.booking", "pk": 835, "fields": {"name": "kamthorn", "email": "thorn3579q@gmail.com", "tel": "00000221", "member": 2, "group": 1, "court": 1, "booking_datetime": "2021-06-28T17:00:00Z", "exp_datetime": null, "refund_datetime": "2021-05-25T02:54:50.133Z", "price_normal": "200.00", "price_ds": "40.00", "price_pay": "160.00", "payment_state": 1, "timestamp": "2021-05-25T02:54:50.133Z", "bookingid": "feb3216394ab4e52b185a62193bb58d3", "paymentid": "88e9856099cf433082c84175d5b6f087", "refundid": null, "is_deleted": false}}, {"model": "booking.booking", "pk": 836, "fields": {"name": "kamthorn", "email": "thorn3579q@gmail.com", "tel": "00000221", "member": 2, "group": 1, "court": 1, "booking_datetime": "2021-06-07T19:00:00Z", "exp_datetime": null, "refund_datetime": "2021-05-20T00:00:00Z", "price_normal": "200.00", "price_ds": "20.00", "price_pay": "180.00", "payment_state": 1, "timestamp": "2021-05-25T02:57:00.351Z", "bookingid": "aa560056415f4c028f61b1df10f124d8", "paymentid": "60f71280d54f42d9890777d38f946843", "refundid": null, "is_deleted": false}}, {"model": "booking.booking", "pk": 837, "fields": {"name": "kamthorn", "email": "thorn3579q@gmail.com", "tel": "00000221", "member": 2, "group": 1, "court": 1, "booking_datetime": "2021-06-14T19:00:00Z", "exp_datetime": null, "refund_datetime": "2021-05-20T00:00:00Z", "price_normal": "200.00", "price_ds": "20.00", "price_pay": "180.00", "payment_state": 1, "timestamp": "2021-05-25T02:57:00.351Z", "bookingid": "913e383cff434b6ab9ad8021c4277e07", "paymentid": "60f71280d54f42d9890777d38f946843", "refundid": null, "is_deleted": false}}, {"model": "booking.booking", "pk": 838, "fields": {"name": "kamthorn", "email": "thorn3579q@gmail.com", "tel": "00000221", "member": 2, "group": 1, "court": 1, "booking_datetime": "2021-06-21T19:00:00Z", "exp_datetime": null, "refund_datetime": "2021-05-20T00:00:00Z", "price_normal": "200.00", "price_ds": "20.00", "price_pay": "180.00", "payment_state": 1, "timestamp": "2021-05-25T02:57:00.351Z", "bookingid": "70a105b104834b80aa45a0849deafdd3", "paymentid": "60f71280d54f42d9890777d38f946843", "refundid": null, "is_deleted": false}}, {"model": "booking.booking", "pk": 839, "fields": {"name": "kamthorn", "email": "thorn3579q@gmail.com", "tel": "00000221", "member": 2, "group": 1, "court": 1, "booking_datetime": "2021-06-28T19:00:00Z", "exp_datetime": null, "refund_datetime": "2021-05-20T00:00:00Z", "price_normal": "200.00", "price_ds": "20.00", "price_pay": "180.00", "payment_state": 1, "timestamp": "2021-05-25T02:57:00.351Z", "bookingid": "6605e2a4aff24d7cb7307aeba2bcc582", "paymentid": "60f71280d54f42d9890777d38f946843", "refundid": null, "is_deleted": false}}, {"model": "booking.booking", "pk": 840, "fields": {"name": "kamthorn", "email": "thorn3579q@gmail.com", "tel": "00000221", "member": 2, "group": 1, "court": 1, "booking_datetime": "2021-06-07T18:00:00Z", "exp_datetime": null, "refund_datetime": "2021-05-20T00:00:00Z", "price_normal": "200.00", "price_ds": "20.00", "price_pay": "180.00", "payment_state": 1, "timestamp": "2021-05-25T02:57:00.351Z", "bookingid": "42ad748fa10f456e89a6e7a91c7c3f28", "paymentid": "60f71280d54f42d9890777d38f946843", "refundid": null, "is_deleted": false}}, {"model": "booking.booking", "pk": 841, "fields": {"name": "kamthorn", "email": "thorn3579q@gmail.com", "tel": "00000221", "member": 2, "group": 1, "court": 1, "booking_datetime": "2021-06-14T18:00:00Z", "exp_datetime": null, "refund_datetime": "2021-05-20T00:00:00Z", "price_normal": "200.00", "price_ds": "20.00", "price_pay": "180.00", "payment_state": 1, "timestamp": "2021-05-25T02:57:00.351Z", "bookingid": "02b8c1a60258473ca4ea2fdb225b8b7e", "paymentid": "60f71280d54f42d9890777d38f946843", "refundid": null, "is_deleted": false}}, {"model": "booking.booking", "pk": 842, "fields": {"name": "kamthorn", "email": "thorn3579q@gmail.com", "tel": "00000221", "member": 2, "group": 1, "court": 1, "booking_datetime": "2021-06-21T18:00:00Z", "exp_datetime": null, "refund_datetime": "2021-05-20T00:00:00Z", "price_normal": "200.00", "price_ds": "20.00", "price_pay": "180.00", "payment_state": 1, "timestamp": "2021-05-25T02:57:00.351Z", "bookingid": "1489d43a38c642a097b302c195c54374", "paymentid": "60f71280d54f42d9890777d38f946843", "refundid": null, "is_deleted": false}}, {"model": "booking.booking", "pk": 843, "fields": {"name": "kamthorn", "email": "thorn3579q@gmail.com", "tel": "00000221", "member": 2, "group": 1, "court": 1, "booking_datetime": "2021-06-28T18:00:00Z", "exp_datetime": null, "refund_datetime": "2021-05-20T00:00:00Z", "price_normal": "200.00", "price_ds": "20.00", "price_pay": "180.00", "payment_state": 1, "timestamp": "2021-05-25T02:57:00.351Z", "bookingid": "07df5de3922f4e338e964fdd9aad5f4e", "paymentid": "60f71280d54f42d9890777d38f946843", "refundid": null, "is_deleted": false}}, {"model": "booking.booking", "pk": 844, "fields": {"name": "kamthorn", "email": "thorn3579q@gmail.com", "tel": "00000221", "member": 2, "group": null, "court": 1, "booking_datetime": "2021-05-30T16:00:00Z", "exp_datetime": null, "refund_datetime": "2021-05-29T16:00:00Z", "price_normal": "200.00", "price_ds": "40.00", "price_pay": "160.00", "payment_state": 1, "timestamp": "2021-05-25T02:58:37.108Z", "bookingid": "84aea3ae17e54c76ad269e996177f9b2", "paymentid": "202a83911369421fbcdf7075ee85ecd5", "refundid": null, "is_deleted": false}}, {"model": "booking.booking", "pk": 845, "fields": {"name": "kamthorn", "email": "thorn3579q@gmail.com", "tel": "00000221", "member": 2, "group": null, "court": 1, "booking_datetime": "2021-05-30T17:00:00Z", "exp_datetime": null, "refund_datetime": "2021-05-29T17:00:00Z", "price_normal": "200.00", "price_ds": "40.00", "price_pay": "160.00", "payment_state": 1, "timestamp": "2021-05-25T02:58:37.108Z", "bookingid": "912b3547f16a4f06b6fd909be6cc7a97", "paymentid": "202a83911369421fbcdf7075ee85ecd5", "refundid": null, "is_deleted": false}}, {"model": "booking.booking", "pk": 846, "fields": {"name": "kamthorn", "email": "thorn3579q@gmail.com", "tel": "00000221", "member": 2, "group": null, "court": 1, "booking_datetime": "2021-05-29T23:00:00Z", "exp_datetime": "2021-05-25T03:05:55.941Z", "refund_datetime": "2021-05-26T23:00:00Z", "price_normal": "200.00", "price_ds": "20.00", "price_pay": "180.00", "payment_state": 0, "timestamp": "2021-05-25T02:58:37.108Z", "bookingid": "2c1dc96dc326457c97915765762f5aca", "paymentid": null, "refundid": null, "is_deleted": false}}, {"model": "booking.booking", "pk": 847, "fields": {"name": "kamthorn", "email": "thorn3579q@gmail.com", "tel": "00000221", "member": 2, "group": null, "court": 1, "booking_datetime": "2021-05-29T22:00:00Z", "exp_datetime": "2021-05-25T03:05:55.941Z", "refund_datetime": "2021-05-26T22:00:00Z", "price_normal": "200.00", "price_ds": "20.00", "price_pay": "180.00", "payment_state": 0, "timestamp": "2021-05-25T02:58:37.108Z", "bookingid": "cb67a5ed127c437ea51a9ba3074fd384", "paymentid": null, "refundid": null, "is_deleted": false}}, {"model": "booking.payment", "pk": 5, "fields": {"paymentid": "de589b8206ff4aeab524923816f67e34", "timestamp": "2021-04-10T12:57:47.428Z", "pay": "565.00", "member": null, "group": null, "is_checked": false, "is_founded": true}}, {"model": "booking.payment", "pk": 6, "fields": {"paymentid": "684a97298cb1423297ffc94199b8d1b1", "timestamp": "2021-04-14T17:39:43.479Z", "pay": "360.00", "member": null, "group": null, "is_checked": false, "is_founded": true}}, {"model": "booking.payment", "pk": 7, "fields": {"paymentid": "42a9f2e9c832452fa64d6b330d70ed23", "timestamp": "2021-04-25T04:48:46.533Z", "pay": "360.00", "member": null, "group": null, "is_checked": false, "is_founded": true}}, {"model": "booking.payment", "pk": 8, "fields": {"paymentid": "bc9955e46e914f68ba193a0ee7d58b99", "timestamp": "2021-04-25T04:54:22.677Z", "pay": "999.99", "member": null, "group": 1, "is_checked": false, "is_founded": true}}, {"model": "booking.payment", "pk": 9, "fields": {"paymentid": "eb1fad7b7a6b421e828ebe231a81c52a", "timestamp": "2021-04-25T04:54:22.677Z", "pay": "999.99", "member": null, "group": 1, "is_checked": false, "is_founded": true}}, {"model": "booking.payment", "pk": 10, "fields": {"paymentid": "9253750ce0804c35ac30c33accf1f865", "timestamp": "2021-04-25T05:02:26.165Z", "pay": "999.99", "member": null, "group": null, "is_checked": false, "is_founded": true}}, {"model": "booking.payment", "pk": 11, "fields": {"paymentid": "471cb19b81fe4130a63c9e441a2d261f", "timestamp": "2021-04-25T05:04:37.288Z", "pay": "999.99", "member": null, "group": null, "is_checked": false, "is_founded": true}}, {"model": "booking.payment", "pk": 12, "fields": {"paymentid": "22ad57198d644a718ba4d7272117c606", "timestamp": "2021-05-06T04:11:53.330Z", "pay": "500.00", "member": 2, "group": null, "is_checked": false, "is_founded": true}}, {"model": "booking.payment", "pk": 13, "fields": {"paymentid": "1b174832bdfb4114808a5a56c318a4a4", "timestamp": "2021-05-06T04:11:53.330Z", "pay": "565.00", "member": 2, "group": null, "is_checked": false, "is_founded": true}}, {"model": "booking.payment", "pk": 14, "fields": {"paymentid": "1cc4de02da094fc8a721bcc8a52b2d17", "timestamp": "2021-05-06T04:11:53.330Z", "pay": "500.00", "member": 2, "group": null, "is_checked": false, "is_founded": true}}, {"model": "booking.payment", "pk": 15, "fields": {"paymentid": "b8b481bb7d034cd081172822becb46d8", "timestamp": "2021-05-06T04:45:28.507Z", "pay": "500.00", "member": 2, "group": null, "is_checked": false, "is_founded": true}}, {"model": "booking.payment", "pk": 16, "fields": {"paymentid": "f0574b75ccfd49799f6232b4787c5daf", "timestamp": "2021-05-06T04:54:42.950Z", "pay": "500.00", "member": 2, "group": null, "is_checked": false, "is_founded": true}}, {"model": "booking.payment", "pk": 17, "fields": {"paymentid": "146116a9da794aacaf9a3a24c1beceb0", "timestamp": "2021-05-06T21:21:48.593Z", "pay": "2420.00", "member": 2, "group": 1, "is_checked": false, "is_founded": true}}, {"model": "booking.payment", "pk": 18, "fields": {"paymentid": "465254f4d63648b1890fdeda391b485c", "timestamp": "2021-05-07T19:29:59.437Z", "pay": "0.00", "member": 2, "group": null, "is_checked": false, "is_founded": true}}, {"model": "booking.payment", "pk": 19, "fields": {"paymentid": "eda6a86212804023ae52dd938ac4a7ab", "timestamp": "2021-05-07T19:30:43.119Z", "pay": "0.00", "member": 2, "group": null, "is_checked": false, "is_founded": true}}, {"model": "booking.payment", "pk": 20, "fields": {"paymentid": "dac17e16f6f0460da33070aac8240388", "timestamp": "2021-05-07T19:30:43.119Z", "pay": "0.00", "member": 2, "group": null, "is_checked": false, "is_founded": true}}, {"model": "booking.payment", "pk": 21, "fields": {"paymentid": "30a46e7808c84198849372b69c1ba431", "timestamp": "2021-05-07T19:31:05.279Z", "pay": "0.00", "member": 2, "group": null, "is_checked": false, "is_founded": true}}, {"model": "booking.payment", "pk": 22, "fields": {"paymentid": "cc1f1570d20343b6a9b63f24da09b7c9", "timestamp": "2021-05-07T19:31:13.702Z", "pay": "0.00", "member": 2, "group": null, "is_checked": false, "is_founded": true}}, {"model": "booking.payment", "pk": 23, "fields": {"paymentid": "d0cf92f3dc824a06803d971241f7e885", "timestamp": "2021-05-07T19:31:13.702Z", "pay": "0.00", "member": 2, "group": null, "is_checked": false, "is_founded": true}}, {"model": "booking.payment", "pk": 24, "fields": {"paymentid": "4045de416c444d6093b24a6fec051307", "timestamp": "2021-05-07T19:31:21.817Z", "pay": "0.00", "member": 2, "group": null, "is_checked": false, "is_founded": true}}, {"model": "booking.payment", "pk": 25, "fields": {"paymentid": "f4bf40aa71c8421e9ba1dc1214c37e09", "timestamp": "2021-05-07T19:45:11.324Z", "pay": "320.00", "member": 2, "group": null, "is_checked": false, "is_founded": true}}, {"model": "booking.payment", "pk": 26, "fields": {"paymentid": "868b53d5b9c3448a9221f2bb4e8d3d9e", "timestamp": "2021-05-07T19:45:11.324Z", "pay": "320.00", "member": 2, "group": null, "is_checked": false, "is_founded": true}}, {"model": "booking.payment", "pk": 27, "fields": {"paymentid": "02bcbe8b07e84958a93395aa3f21c81c", "timestamp": "2021-05-07T21:42:07.829Z", "pay": "160.00", "member": 2, "group": null, "is_checked": false, "is_founded": true}}, {"model": "booking.payment", "pk": 28, "fields": {"paymentid": "ae41e90fcfee4aa4b26c80b3ff58e305", "timestamp": "2021-05-09T21:46:04.967Z", "pay": "360.00", "member": 2, "group": null, "is_checked": false, "is_founded": true}}, {"model": "booking.payment", "pk": 29, "fields": {"paymentid": "818a3ac014a74225b5ba3a91a906a88b", "timestamp": "2021-05-09T21:57:19.641Z", "pay": "2500.00", "member": 2, "group": 1, "is_checked": false, "is_founded": true}}, {"model": "booking.payment", "pk": 30, "fields": {"paymentid": "8f2597ea072848ffb80feed155ea1cb8", "timestamp": "2021-05-10T17:54:41.865Z", "pay": "500.00", "member": 2, "group": null, "is_checked": false, "is_founded": true}}, {"model": "booking.payment", "pk": 31, "fields": {"paymentid": "a59d723716fe48c6831f3568f8dad804", "timestamp": "2021-05-10T18:07:47.947Z", "pay": "2720.00", "member": 2, "group": 1, "is_checked": false, "is_founded": true}}, {"model": "booking.payment", "pk": 32, "fields": {"paymentid": "3c845cc5b4f9469881a9773e1a814208", "timestamp": "2021-05-20T04:29:38.310Z", "pay": "340.00", "member": 15, "group": null, "is_checked": false, "is_founded": true}}, {"model": "booking.payment", "pk": 33, "fields": {"paymentid": "ecac3442bcce4891931a01a00d5bca46", "timestamp": "2021-05-20T04:32:02.588Z", "pay": "340.00", "member": 15, "group": null, "is_checked": false, "is_founded": true}}, {"model": "booking.payment", "pk": 34, "fields": {"paymentid": "5ac66345b90f41589ad7e91d5bf61aaf", "timestamp": "2021-05-20T04:33:19.181Z", "pay": "340.00", "member": 15, "group": null, "is_checked": false, "is_founded": true}}, {"model": "booking.payment", "pk": 35, "fields": {"paymentid": "0b9715341d184b21b4e1f6253fa6b66b", "timestamp": "2021-05-20T04:33:50.346Z", "pay": "360.00", "member": 15, "group": null, "is_checked": false, "is_founded": true}}, {"model": "booking.payment", "pk": 36, "fields": {"paymentid": "2284f3ecb0f54c0e8432b4ad7eafb0e8", "timestamp": "2021-05-20T04:34:21.785Z", "pay": "360.00", "member": 15, "group": null, "is_checked": false, "is_founded": true}}, {"model": "booking.payment", "pk": 37, "fields": {"paymentid": "71a6f874e8704636be82e5a0efefad3c", "timestamp": "2021-05-20T04:36:54.431Z", "pay": "160.00", "member": 15, "group": null, "is_checked": false, "is_founded": true}}, {"model": "booking.payment", "pk": 38, "fields": {"paymentid": "05d860c6f8f84db59645e12cbe6cdc24", "timestamp": "2021-05-20T04:36:54.431Z", "pay": "180.00", "member": 15, "group": null, "is_checked": false, "is_founded": true}}, {"model": "booking.payment", "pk": 39, "fields": {"paymentid": "5d19ad827dd94aaf900fbb3bb25db0a6", "timestamp": "2021-05-20T04:36:54.431Z", "pay": "840.00", "member": null, "group": null, "is_checked": false, "is_founded": true}}, {"model": "booking.payment", "pk": 40, "fields": {"paymentid": "832beff83caf4c07bc8782d253ed598b", "timestamp": "2021-05-20T04:36:54.431Z", "pay": "400.00", "member": null, "group": null, "is_checked": false, "is_founded": true}}, {"model": "booking.payment", "pk": 41, "fields": {"paymentid": "aa3951ed4c3e42dabd711c9b62017feb", "timestamp": "2021-05-20T04:36:54.431Z", "pay": "385.00", "member": 15, "group": null, "is_checked": false, "is_founded": true}}, {"model": "booking.payment", "pk": 42, "fields": {"paymentid": "b6b1c96f6b314df3b91591134b67b1c7", "timestamp": "2021-05-20T04:36:54.431Z", "pay": "1640.00", "member": 2, "group": 1, "is_checked": false, "is_founded": true}}, {"model": "booking.payment", "pk": 43, "fields": {"paymentid": "99e851b1eeb9489494b116433ce30c5b", "timestamp": "2021-05-20T08:33:31.042Z", "pay": "180.00", "member": 5, "group": null, "is_checked": false, "is_founded": true}}, {"model": "booking.payment", "pk": 44, "fields": {"paymentid": "2f30dc6d8732444591e017cae2f802b6", "timestamp": "2021-05-20T08:33:31.042Z", "pay": "160.00", "member": 5, "group": null, "is_checked": false, "is_founded": true}}, {"model": "booking.payment", "pk": 45, "fields": {"paymentid": "a0f13b69236644d2b2997a0771721920", "timestamp": "2021-05-20T08:39:14.425Z", "pay": "180.00", "member": 5, "group": null, "is_checked": false, "is_founded": true}}, {"model": "booking.payment", "pk": 46, "fields": {"paymentid": "1df0d069d11e4db2a7f4dc86c37527e3", "timestamp": "2021-05-20T08:40:12.139Z", "pay": "180.00", "member": null, "group": null, "is_checked": false, "is_founded": true}}, {"model": "booking.payment", "pk": 47, "fields": {"paymentid": "afe641b657b944e387291e344c4bb891", "timestamp": "2021-05-20T09:24:50.463Z", "pay": "585.00", "member": null, "group": null, "is_checked": false, "is_founded": true}}, {"model": "booking.payment", "pk": 48, "fields": {"paymentid": "0471f9d0ca0e47c889bfd754d67d12df", "timestamp": "2021-05-20T09:24:50.463Z", "pay": "2825.00", "member": 18, "group": 11, "is_checked": false, "is_founded": true}}, {"model": "booking.payment", "pk": 49, "fields": {"paymentid": "a44dfdbd05294ea6a203a7a2d7db31cb", "timestamp": "2021-05-20T09:24:50.463Z", "pay": "360.00", "member": 18, "group": null, "is_checked": false, "is_founded": true}}, {"model": "booking.payment", "pk": 50, "fields": {"paymentid": "5c908461be5e498d8860957dce892c1c", "timestamp": "2021-05-20T09:24:50.463Z", "pay": "410.00", "member": 18, "group": null, "is_checked": true, "is_founded": true}}, {"model": "booking.payment", "pk": 51, "fields": {"paymentid": "4cc44452db004650923cb2879a76837a", "timestamp": "2021-05-25T02:09:42.469Z", "pay": "410.00", "member": 2, "group": null, "is_checked": false, "is_founded": true}}, {"model": "booking.payment", "pk": 52, "fields": {"paymentid": "71418084f40748d1902238191590e44b", "timestamp": "2021-05-25T02:43:04.712Z", "pay": "340.00", "member": 2, "group": null, "is_checked": false, "is_founded": true}}, {"model": "booking.payment", "pk": 53, "fields": {"paymentid": "e2b436b16e134a0591dd64dc7f54985b", "timestamp": "2021-05-25T02:43:04.712Z", "pay": "320.00", "member": 2, "group": null, "is_checked": false, "is_founded": true}}, {"model": "booking.payment", "pk": 54, "fields": {"paymentid": "8e5ba67b92a34ae2a0aaa1e00f53d18e", "timestamp": "2021-05-25T02:53:08.799Z", "pay": "1280.00", "member": 2, "group": 1, "is_checked": false, "is_founded": true}}, {"model": "booking.payment", "pk": 55, "fields": {"paymentid": "88e9856099cf433082c84175d5b6f087", "timestamp": "2021-05-25T02:54:50.133Z", "pay": "1280.00", "member": 2, "group": 1, "is_checked": false, "is_founded": true}}, {"model": "booking.payment", "pk": 56, "fields": {"paymentid": "60f71280d54f42d9890777d38f946843", "timestamp": "2021-05-25T02:57:00.351Z", "pay": "1440.00", "member": 2, "group": 1, "is_checked": false, "is_founded": true}}, {"model": "booking.payment", "pk": 57, "fields": {"paymentid": "202a83911369421fbcdf7075ee85ecd5", "timestamp": "2021-05-25T02:58:37.109Z", "pay": "320.00", "member": 2, "group": null, "is_checked": false, "is_founded": true}}, {"model": "booking.refund", "pk": 2, "fields": {"refundid": "adab23fc31a9487996c71eb2475bf749", "price": "160.00", "group": null, "member": 2, "bank_acc_id": "1234567890", "bank_acc_name": "test", "timestamp": "2021-05-08T19:20:33.887Z", "is_refunded": true}}, {"model": "booking.refund", "pk": 3, "fields": {"refundid": "90404a4fb41a466d84ce7747ae8a10ae", "price": "160.00", "group": null, "member": 2, "bank_acc_id": "1234567890", "bank_acc_name": "test", "timestamp": "2021-05-08T19:22:35.762Z", "is_refunded": false}}, {"model": "booking.refund", "pk": 4, "fields": {"refundid": "f5e8dff940ab43c1bf8bb95c9a956d16", "price": "160.00", "group": null, "member": 2, "bank_acc_id": "1234567890", "bank_acc_name": "test", "timestamp": "2021-05-08T22:32:40.231Z", "is_refunded": false}}, {"model": "booking.refund", "pk": 5, "fields": {"refundid": "abe64d43dabb46de8ae0e0c6498df30b", "price": "160.00", "group": null, "member": 2, "bank_acc_id": "12", "bank_acc_name": "test", "timestamp": "2021-05-08T23:22:44.370Z", "is_refunded": false}}, {"model": "booking.refund", "pk": 6, "fields": {"refundid": "535ce9e51cb543db9c071abf08350fbd", "price": "160.00", "group": null, "member": 2, "bank_acc_id": "12", "bank_acc_name": "test", "timestamp": "2021-05-08T23:22:44.370Z", "is_refunded": false}}, {"model": "booking.refund", "pk": 7, "fields": {"refundid": "69b8182e5bdb4fc392eb90ca28048100", "price": "180.00", "group": null, "member": 2, "bank_acc_id": "12", "bank_acc_name": "test", "timestamp": "2021-05-09T21:46:04.967Z", "is_refunded": false}}, {"model": "booking.refund", "pk": 8, "fields": {"refundid": "5220152c7e724f12a837078b209a7687", "price": "1280.00", "group": 1, "member": 2, "bank_acc_id": "1234567890", "bank_acc_name": "test group", "timestamp": "2021-05-14T16:25:09.390Z", "is_refunded": false}}, {"model": "booking.refund", "pk": 9, "fields": {"refundid": "13a29cf85ef94a64a8725d61afea9680", "price": "410.00", "group": null, "member": 18, "bank_acc_id": "1249900529843", "bank_acc_name": "Kamthorn Saejeang", "timestamp": "2021-05-20T09:24:50.464Z", "is_refunded": false}}, {"model": "booking.refund", "pk": 10, "fields": {"refundid": "3b6f4c28e03d447fb470d2bb10b2c924", "price": "160.00", "group": null, "member": 2, "bank_acc_id": "1249900529843", "bank_acc_name": "Kamthorn Saejeang", "timestamp": "2021-05-25T02:47:46.134Z", "is_refunded": false}}]