[{"model": "contenttypes.contenttype", "pk": 1, "fields": {"app_label": "admin", "model": "logentry"}}, {"model": "contenttypes.contenttype", "pk": 2, "fields": {"app_label": "contenttypes", "model": "contenttype"}}, {"model": "contenttypes.contenttype", "pk": 3, "fields": {"app_label": "sessions", "model": "session"}}, {"model": "contenttypes.contenttype", "pk": 4, "fields": {"app_label": "member", "model": "group"}}, {"model": "contenttypes.contenttype", "pk": 5, "fields": {"app_label": "member", "model": "member"}}, {"model": "contenttypes.contenttype", "pk": 6, "fields": {"app_label": "member", "model": "request"}}, {"model": "contenttypes.contenttype", "pk": 7, "fields": {"app_label": "member", "model": "groupmember"}}, {"model": "contenttypes.contenttype", "pk": 8, "fields": {"app_label": "booking", "model": "allcourtinfo"}}, {"model": "contenttypes.contenttype", "pk": 9, "fields": {"app_label": "booking", "model": "booking"}}, {"model": "contenttypes.contenttype", "pk": 10, "fields": {"app_label": "booking", "model": "eachcourtinfo"}}, {"model": "contenttypes.contenttype", "pk": 11, "fields": {"app_label": "booking", "model": "payment"}}, {"model": "contenttypes.contenttype", "pk": 12, "fields": {"app_label": "booking", "model": "refund"}}, {"model": "contenttypes.contenttype", "pk": 13, "fields": {"app_label": "auth", "model": "permission"}}, {"model": "contenttypes.contenttype", "pk": 14, "fields": {"app_label": "auth", "model": "group"}}, {"model": "contenttypes.contenttype", "pk": 15, "fields": {"app_label": "auth", "model": "user"}}, {"model": "sessions.session", "pk": "cs1pk1n5lbnai3lmtrusgnrcgb66r28r", "fields": {"session_data": "NmE1ZTJmZmJjM2I4MTkwMWY3MGZkZTExMGMxNjUzMjJjNjlmMWU1ZTp7Il9hdXRoX3VzZXJfaWQiOiIxIiwiX2F1dGhfdXNlcl9iYWNrZW5kIjoiZGphbmdvLmNvbnRyaWIuYXV0aC5iYWNrZW5kcy5Nb2RlbEJhY2tlbmQiLCJfYXV0aF91c2VyX2hhc2giOiI0Y2RmZTFiNDRjNzQzMDljZjAzZWQ1N2I2OTMzMTY4OWQ4MDdjOWY2In0=", "expire_date": "2021-06-07T21:44:45.202Z"}}, {"model": "sessions.session", "pk": "m93s1g9h5twbzlaps2dn5g0kq0ehfs6k", "fields": {"session_data": "NmE1ZTJmZmJjM2I4MTkwMWY3MGZkZTExMGMxNjUzMjJjNjlmMWU1ZTp7Il9hdXRoX3VzZXJfaWQiOiIxIiwiX2F1dGhfdXNlcl9iYWNrZW5kIjoiZGphbmdvLmNvbnRyaWIuYXV0aC5iYWNrZW5kcy5Nb2RlbEJhY2tlbmQiLCJfYXV0aF91c2VyX2hhc2giOiI0Y2RmZTFiNDRjNzQzMDljZjAzZWQ1N2I2OTMzMTY4OWQ4MDdjOWY2In0=", "expire_date": "2021-06-07T21:43:39.882Z"}}, {"model": "member.group", "pk": 1, "fields": {"group_name": "testGroup", "announce": "in", "is_continue": false, "is_active": true, "is_public": false}}, {"model": "member.group", "pk": 2, "fields": {"group_name": "testGroup2", "announce": "", "is_continue": false, "is_active": true, "is_public": false}}, {"model": "member.group", "pk": 8, "fields": {"group_name": "testGroup3", "announce": "", "is_continue": false, "is_active": true, "is_public": false}}, {"model": "member.group", "pk": 9, "fields": {"group_name": "test", "announce": "", "is_continue": false, "is_active": true, "is_public": false}}, {"model": "member.group", "pk": 10, "fields": {"group_name": "newGroup", "announce": "", "is_continue": false, "is_active": true, "is_public": false}}, {"model": "member.group", "pk": 11, "fields": {"group_name": "new2", "announce": "", "is_continue": false, "is_active": true, "is_public": false}}, {"model": "booking.allcourtinfo", "pk": 1, "fields": {"force_close": false, "range_booking": "7 00:00:00", "payment_member_duration": "01:00:00", "payment_guest_duration": "00:01:00", "payment_group_duration": "00:01:00", "refund_member_duration": "1 00:00:00", "groupbooking_lastmonth_day": 20, "refund_group_day": 25, "open_time": "10:00:00", "close_time": "02:00:00", "num_of_creategroup": 3, "announce": "Announce", "contacts": "Contacts", "rules": "Rules", "fes_date_start": "2021-05-01", "fes_date_end": "2021-05-29", "payment_member_duration_fes": "00:05:00", "refund_member_duration_fes": "3 00:00:00"}}, {"model": "booking.eachcourtinfo", "pk": 1, "fields": {"court_number": 1, "price_normal": "200.00", "price_ds_mem": "20.00", "price_ds_group": "20.00", "price_ds_time": "20.00", "time_ds_start": "14:00:00", "time_ds_end": "18:00:00", "is_maintain": false}}, {"model": "booking.eachcourtinfo", "pk": 2, "fields": {"court_number": 2, "price_normal": "200.00", "price_ds_mem": "20.00", "price_ds_group": "20.00", "price_ds_time": "20.00", "time_ds_start": "14:00:00", "time_ds_end": "18:00:00", "is_maintain": false}}, {"model": "booking.eachcourtinfo", "pk": 3, "fields": {"court_number": 3, "price_normal": "200.00", "price_ds_mem": "20.00", "price_ds_group": "20.00", "price_ds_time": "20.00", "time_ds_start": "14:00:00", "time_ds_end": "18:00:00", "is_maintain": false}}, {"model": "auth.permission", "pk": 1, "fields": {"name": "Can add log entry", "content_type": 1, "codename": "add_logentry"}}, {"model": "auth.permission", "pk": 2, "fields": {"name": "Can change log entry", "content_type": 1, "codename": "change_logentry"}}, {"model": "auth.permission", "pk": 3, "fields": {"name": "Can delete log entry", "content_type": 1, "codename": "delete_logentry"}}, {"model": "auth.permission", "pk": 4, "fields": {"name": "Can view log entry", "content_type": 1, "codename": "view_logentry"}}, {"model": "auth.permission", "pk": 5, "fields": {"name": "Can add permission", "content_type": 2, "codename": "add_permission"}}, {"model": "auth.permission", "pk": 6, "fields": {"name": "Can change permission", "content_type": 2, "codename": "change_permission"}}, {"model": "auth.permission", "pk": 7, "fields": {"name": "Can delete permission", "content_type": 2, "codename": "delete_permission"}}, {"model": "auth.permission", "pk": 8, "fields": {"name": "Can view permission", "content_type": 2, "codename": "view_permission"}}, {"model": "auth.permission", "pk": 9, "fields": {"name": "Can add group", "content_type": 3, "codename": "add_group"}}, {"model": "auth.permission", "pk": 10, "fields": {"name": "Can change group", "content_type": 3, "codename": "change_group"}}, {"model": "auth.permission", "pk": 11, "fields": {"name": "Can delete group", "content_type": 3, "codename": "delete_group"}}, {"model": "auth.permission", "pk": 12, "fields": {"name": "Can view group", "content_type": 3, "codename": "view_group"}}, {"model": "auth.permission", "pk": 13, "fields": {"name": "Can add user", "content_type": 4, "codename": "add_user"}}, {"model": "auth.permission", "pk": 14, "fields": {"name": "Can change user", "content_type": 4, "codename": "change_user"}}, {"model": "auth.permission", "pk": 15, "fields": {"name": "Can delete user", "content_type": 4, "codename": "delete_user"}}, {"model": "auth.permission", "pk": 16, "fields": {"name": "Can view user", "content_type": 4, "codename": "view_user"}}, {"model": "auth.permission", "pk": 17, "fields": {"name": "Can add content type", "content_type": 5, "codename": "add_contenttype"}}, {"model": "auth.permission", "pk": 18, "fields": {"name": "Can change content type", "content_type": 5, "codename": "change_contenttype"}}, {"model": "auth.permission", "pk": 19, "fields": {"name": "Can delete content type", "content_type": 5, "codename": "delete_contenttype"}}, {"model": "auth.permission", "pk": 20, "fields": {"name": "Can view content type", "content_type": 5, "codename": "view_contenttype"}}, {"model": "auth.permission", "pk": 21, "fields": {"name": "Can add session", "content_type": 6, "codename": "add_session"}}, {"model": "auth.permission", "pk": 22, "fields": {"name": "Can change session", "content_type": 6, "codename": "change_session"}}, {"model": "auth.permission", "pk": 23, "fields": {"name": "Can delete session", "content_type": 6, "codename": "delete_session"}}, {"model": "auth.permission", "pk": 24, "fields": {"name": "Can view session", "content_type": 6, "codename": "view_session"}}, {"model": "auth.permission", "pk": 25, "fields": {"name": "Can add group", "content_type": 7, "codename": "add_group"}}, {"model": "auth.permission", "pk": 26, "fields": {"name": "Can change group", "content_type": 7, "codename": "change_group"}}, {"model": "auth.permission", "pk": 27, "fields": {"name": "Can delete group", "content_type": 7, "codename": "delete_group"}}, {"model": "auth.permission", "pk": 28, "fields": {"name": "Can view group", "content_type": 7, "codename": "view_group"}}, {"model": "auth.permission", "pk": 29, "fields": {"name": "Can add member", "content_type": 8, "codename": "add_member"}}, {"model": "auth.permission", "pk": 30, "fields": {"name": "Can change member", "content_type": 8, "codename": "change_member"}}, {"model": "auth.permission", "pk": 31, "fields": {"name": "Can delete member", "content_type": 8, "codename": "delete_member"}}, {"model": "auth.permission", "pk": 32, "fields": {"name": "Can view member", "content_type": 8, "codename": "view_member"}}, {"model": "auth.permission", "pk": 33, "fields": {"name": "Can add request", "content_type": 9, "codename": "add_request"}}, {"model": "auth.permission", "pk": 34, "fields": {"name": "Can change request", "content_type": 9, "codename": "change_request"}}, {"model": "auth.permission", "pk": 35, "fields": {"name": "Can delete request", "content_type": 9, "codename": "delete_request"}}, {"model": "auth.permission", "pk": 36, "fields": {"name": "Can view request", "content_type": 9, "codename": "view_request"}}, {"model": "auth.permission", "pk": 37, "fields": {"name": "Can add group member", "content_type": 10, "codename": "add_groupmember"}}, {"model": "auth.permission", "pk": 38, "fields": {"name": "Can change group member", "content_type": 10, "codename": "change_groupmember"}}, {"model": "auth.permission", "pk": 39, "fields": {"name": "Can delete group member", "content_type": 10, "codename": "delete_groupmember"}}, {"model": "auth.permission", "pk": 40, "fields": {"name": "Can view group member", "content_type": 10, "codename": "view_groupmember"}}, {"model": "auth.permission", "pk": 41, "fields": {"name": "Can add all court info", "content_type": 11, "codename": "add_allcourtinfo"}}, {"model": "auth.permission", "pk": 42, "fields": {"name": "Can change all court info", "content_type": 11, "codename": "change_allcourtinfo"}}, {"model": "auth.permission", "pk": 43, "fields": {"name": "Can delete all court info", "content_type": 11, "codename": "delete_allcourtinfo"}}, {"model": "auth.permission", "pk": 44, "fields": {"name": "Can view all court info", "content_type": 11, "codename": "view_allcourtinfo"}}, {"model": "auth.permission", "pk": 45, "fields": {"name": "Can add each court info", "content_type": 12, "codename": "add_eachcourtinfo"}}, {"model": "auth.permission", "pk": 46, "fields": {"name": "Can change each court info", "content_type": 12, "codename": "change_eachcourtinfo"}}, {"model": "auth.permission", "pk": 47, "fields": {"name": "Can delete each court info", "content_type": 12, "codename": "delete_eachcourtinfo"}}, {"model": "auth.permission", "pk": 48, "fields": {"name": "Can view each court info", "content_type": 12, "codename": "view_eachcourtinfo"}}, {"model": "auth.permission", "pk": 49, "fields": {"name": "Can add payment", "content_type": 13, "codename": "add_payment"}}, {"model": "auth.permission", "pk": 50, "fields": {"name": "Can change payment", "content_type": 13, "codename": "change_payment"}}, {"model": "auth.permission", "pk": 51, "fields": {"name": "Can delete payment", "content_type": 13, "codename": "delete_payment"}}, {"model": "auth.permission", "pk": 52, "fields": {"name": "Can view payment", "content_type": 13, "codename": "view_payment"}}, {"model": "auth.permission", "pk": 53, "fields": {"name": "Can add refund", "content_type": 14, "codename": "add_refund"}}, {"model": "auth.permission", "pk": 54, "fields": {"name": "Can change refund", "content_type": 14, "codename": "change_refund"}}, {"model": "auth.permission", "pk": 55, "fields": {"name": "Can delete refund", "content_type": 14, "codename": "delete_refund"}}, {"model": "auth.permission", "pk": 56, "fields": {"name": "Can view refund", "content_type": 14, "codename": "view_refund"}}, {"model": "auth.permission", "pk": 57, "fields": {"name": "Can add booking", "content_type": 15, "codename": "add_booking"}}, {"model": "auth.permission", "pk": 58, "fields": {"name": "Can change booking", "content_type": 15, "codename": "change_booking"}}, {"model": "auth.permission", "pk": 59, "fields": {"name": "Can delete booking", "content_type": 15, "codename": "delete_booking"}}, {"model": "auth.permission", "pk": 60, "fields": {"name": "Can view booking", "content_type": 15, "codename": "view_booking"}}, {"model": "auth.user", "pk": 1, "fields": {"password": "pbkdf2_sha256$180000$dLtaiCTBNJ2p$MCNuG+QM1I1760dH9k95kLnruB1zxtE1phUNr89dpR8=", "last_login": "2021-05-25T12:39:17.955Z", "is_superuser": true, "username": "admin", "first_name": "", "last_name": "", "email": "", "is_staff": true, "is_active": true, "date_joined": "2021-04-09T10:35:38.673Z", "groups": [], "user_permissions": []}}, {"model": "auth.user", "pk": 2, "fields": {"password": "pbkdf2_sha256$180000$W1uZBKyX8wpD$ru7CIaX67GmeOhfdS+fWT9la2qMB8XoW0WKvbe6Lcm8=", "last_login": "2021-05-23T20:55:53.598Z", "is_superuser": false, "username": "thorn", "first_name": "kamthorn", "last_name": "saejeang", "email": "thorn3579q@gmail.com", "is_staff": false, "is_active": true, "date_joined": "2021-04-09T12:06:19Z", "groups": [], "user_permissions": []}}, {"model": "auth.user", "pk": 3, "fields": {"password": "pbkdf2_sha256$180000$GRPdiP00q72S$NjMlCK/022Wi3rzH8FqB+epJ3cZCoqoCY90j01oCLKg=", "last_login": "2021-05-20T02:55:48.532Z", "is_superuser": false, "username": "thorn2", "first_name": "kamthorn2", "last_name": "saejeang", "email": "thorn2@gmail.com", "is_staff": false, "is_active": true, "date_joined": "2021-04-11T12:21:48Z", "groups": [], "user_permissions": []}}, {"model": "auth.user", "pk": 4, "fields": {"password": "pbkdf2_sha256$180000$FH4ebf9oslyv$fEdDKg4ssZkioxzFQ+VMnvL2NBmmoc3QKyGaw+aYD6o=", "last_login": "2021-05-20T02:56:01.405Z", "is_superuser": false, "username": "thorn3", "first_name": "kamthorn3", "last_name": "saejeang", "email": "thorn3@gmail.com", "is_staff": false, "is_active": true, "date_joined": "2021-04-11T12:22:01Z", "groups": [], "user_permissions": []}}, {"model": "auth.user", "pk": 5, "fields": {"password": "pbkdf2_sha256$180000$8tx3lmj4Q0mg$t7ovZK4dyJArxfLE4NyuWFMR2W84Wd9gwM7Cfgnrbhk=", "last_login": "2021-05-19T22:17:23.256Z", "is_superuser": false, "username": "thorn4", "first_name": "kamthorn4", "last_name": "saejeang", "email": "thorn4@gmail.com", "is_staff": false, "is_active": true, "date_joined": "2021-04-11T12:22:12Z", "groups": [], "user_permissions": []}}, {"model": "auth.user", "pk": 6, "fields": {"password": "pbkdf2_sha256$180000$0DenbwFd5vYF$XLDYzUSXZYLl6e0Tq/VDbTyMF6biSbxLdakcei8fX5A=", "last_login": "2021-05-19T22:13:39.067Z", "is_superuser": false, "username": "thorn5", "first_name": "kamthorn5", "last_name": "saejeang", "email": "thorn5@gmail.com", "is_staff": false, "is_active": true, "date_joined": "2021-04-11T12:51:41.605Z", "groups": [], "user_permissions": []}}, {"model": "auth.user", "pk": 7, "fields": {"password": "pbkdf2_sha256$180000$whjxWYCH3Uju$nScIrkGMbOe1z5VEOHOXnomwoh0cW+o0TrVqRhZOocA=", "last_login": "2021-05-19T22:13:03.703Z", "is_superuser": false, "username": "thorn6", "first_name": "kamthorn6", "last_name": "saejeang", "email": "thorn6@gmail.com", "is_staff": false, "is_active": true, "date_joined": "2021-04-14T16:24:07.097Z", "groups": [], "user_permissions": []}}, {"model": "auth.user", "pk": 8, "fields": {"password": "pbkdf2_sha256$180000$yag3gzeNjZqf$eQih+jXQ18QAhwOgv5VVXqHKXPAj107bNkAFkQw3v1Q=", "last_login": "2021-05-19T22:12:40.596Z", "is_superuser": false, "username": "thorn7", "first_name": "kamthorn7", "last_name": "saejeang", "email": "thorn7@gmail.com", "is_staff": false, "is_active": true, "date_joined": "2021-04-14T16:35:56.267Z", "groups": [], "user_permissions": []}}, {"model": "auth.user", "pk": 9, "fields": {"password": "pbkdf2_sha256$180000$yFesqknKoNhe$HhYa8uYzsTHALh3IN/jDSQ/Dved4u/c1B3lIZZ5QeZI=", "last_login": "2021-05-19T20:03:14.032Z", "is_superuser": false, "username": "thorn35799", "first_name": "Kamthorn", "last_name": "Saejeang", "email": "thorn35790@gmail.com", "is_staff": false, "is_active": true, "date_joined": "2021-05-08T12:33:36.945Z", "groups": [], "user_permissions": []}}, {"model": "auth.user", "pk": 15, "fields": {"password": "pbkdf2_sha256$180000$K6ep6Ws7PgR5$S5fGyTu0iJMAUjGxfP0eYd8anMxRhkbd+bkehNVHlg0=", "last_login": "2021-05-19T22:08:15.874Z", "is_superuser": false, "username": "thorn35790", "first_name": "Kamthorn", "last_name": "Saejeang", "email": "thorn3579q@gmail.com", "is_staff": false, "is_active": true, "date_joined": "2021-05-19T20:23:39.350Z", "groups": [], "user_permissions": []}}, {"model": "auth.user", "pk": 16, "fields": {"password": "pbkdf2_sha256$180000$EAqF8VJtI5kW$Jx/1tWJYC2QzBEg0NZh1/3uK0giqrh+v2nEH4M68IKA=", "last_login": null, "is_superuser": false, "username": "thorn1", "first_name": "Kamthorn", "last_name": "Saejeang", "email": "thorn3579q@gmail.com", "is_staff": false, "is_active": false, "date_joined": "2021-05-20T02:24:52.973Z", "groups": [], "user_permissions": []}}, {"model": "auth.user", "pk": 18, "fields": {"password": "pbkdf2_sha256$180000$0EWffdFQUfHj$49HEv5ZQDrYLGv2uKMz2fuR0oPMzDqRFD3ybs4GPsk8=", "last_login": "2021-05-20T02:56:26.781Z", "is_superuser": false, "username": "kamthorn", "first_name": "Kamthorn", "last_name": "Saejeang", "email": "thorn3579@gmail.com", "is_staff": false, "is_active": true, "date_joined": "2021-05-20T02:53:52.019Z", "groups": [], "user_permissions": []}}, {"model": "auth.user", "pk": 19, "fields": {"password": "pbkdf2_sha256$180000$mUskLPncvAxS$ev9q4SuvUKuGixuwbSjcPgy0RwafhHvTtkziyhqCsZo=", "last_login": null, "is_superuser": false, "username": "thorn123", "first_name": "Kamthorn", "last_name": "Saejeang", "email": "bimigi3664@o3live.com", "is_staff": false, "is_active": true, "date_joined": "2021-05-20T03:33:34.846Z", "groups": [], "user_permissions": []}}, {"model": "auth.user", "pk": 21, "fields": {"password": "pbkdf2_sha256$180000$JqpQnawGgBlR$6LYng1zsMpO5fdfrZ8t2DHW/W1Ok6UUELgDvZiX2Y4c=", "last_login": "2021-05-24T20:33:18.847Z", "is_superuser": true, "username": "admin2", "first_name": "", "last_name": "", "email": "", "is_staff": true, "is_active": true, "date_joined": "2021-05-24T20:30:29.528Z", "groups": [], "user_permissions": []}}, {"model": "member.member", "pk": 2, "fields": {"tel": "00000221", "birthday": "1999-03-15", "gender": "male", "public": true, "virtualid": "060e5eda"}}, {"model": "member.member", "pk": 3, "fields": {"tel": "00000221", "birthday": "1999-03-15", "gender": "male", "public": true, "virtualid": "9c92f447"}}, {"model": "member.member", "pk": 4, "fields": {"tel": "00000221", "birthday": "1999-03-15", "gender": "male", "public": true, "virtualid": "99ab2448"}}, {"model": "member.member", "pk": 5, "fields": {"tel": "00000221", "birthday": "1999-03-15", "gender": "male", "public": true, "virtualid": "992a449e"}}, {"model": "member.member", "pk": 6, "fields": {"tel": "00000221", "birthday": "1999-03-15", "gender": "male", "public": true, "virtualid": "b6058f96"}}, {"model": "member.member", "pk": 7, "fields": {"tel": "00000221", "birthday": "1999-03-15", "gender": "male", "public": true, "virtualid": "627d3f07"}}, {"model": "member.member", "pk": 8, "fields": {"tel": "00000221", "birthday": "1999-03-15", "gender": "male", "public": true, "virtualid": "d4131a20"}}, {"model": "member.member", "pk": 9, "fields": {"tel": "0845991843", "birthday": "1921-01-01", "gender": "1", "public": true, "virtualid": "17c765fe"}}, {"model": "member.member", "pk": 15, "fields": {"tel": "0800000000", "birthday": null, "gender": "", "public": true, "virtualid": "c38b95ba"}}, {"model": "member.member", "pk": 16, "fields": {"tel": "", "birthday": null, "gender": "", "public": true, "virtualid": "24a68954"}}, {"model": "member.member", "pk": 18, "fields": {"tel": "", "birthday": null, "gender": "", "public": true, "virtualid": "2976a249"}}, {"model": "member.member", "pk": 19, "fields": {"tel": "", "birthday": null, "gender": "", "public": true, "virtualid": "9a599314"}}, {"model": "member.groupmember", "pk": 1, "fields": {"group": 1, "member": 2, "role": "h", "on_court": false}}, {"model": "member.groupmember", "pk": 2, "fields": {"group": 1, "member": 3, "role": "m", "on_court": false}}, {"model": "member.groupmember", "pk": 6, "fields": {"group": 2, "member": 3, "role": "h", "on_court": false}}, {"model": "member.groupmember", "pk": 7, "fields": {"group": 2, "member": 6, "role": "m", "on_court": false}}, {"model": "member.groupmember", "pk": 8, "fields": {"group": 2, "member": 7, "role": "m", "on_court": false}}, {"model": "member.groupmember", "pk": 10, "fields": {"group": 2, "member": 8, "role": "m", "on_court": false}}, {"model": "member.groupmember", "pk": 28, "fields": {"group": 8, "member": 8, "role": "h", "on_court": false}}, {"model": "member.groupmember", "pk": 29, "fields": {"group": 8, "member": 3, "role": "m", "on_court": false}}, {"model": "member.groupmember", "pk": 30, "fields": {"group": 8, "member": 4, "role": "m", "on_court": false}}, {"model": "member.groupmember", "pk": 31, "fields": {"group": 8, "member": 5, "role": "m", "on_court": false}}, {"model": "member.groupmember", "pk": 33, "fields": {"group": 9, "member": 5, "role": "h", "on_court": false}}, {"model": "member.groupmember", "pk": 34, "fields": {"group": 9, "member": 3, "role": "m", "on_court": false}}, {"model": "member.groupmember", "pk": 36, "fields": {"group": 9, "member": 2, "role": "m", "on_court": false}}, {"model": "member.groupmember", "pk": 38, "fields": {"group": 10, "member": 15, "role": "h", "on_court": false}}, {"model": "member.groupmember", "pk": 39, "fields": {"group": 10, "member": 3, "role": "m", "on_court": false}}, {"model": "member.groupmember", "pk": 40, "fields": {"group": 10, "member": 4, "role": "m", "on_court": false}}, {"model": "member.groupmember", "pk": 41, "fields": {"group": 10, "member": 5, "role": "m", "on_court": false}}, {"model": "member.groupmember", "pk": 42, "fields": {"group": 2, "member": 5, "role": "m", "on_court": false}}, {"model": "member.groupmember", "pk": 43, "fields": {"group": 9, "member": 4, "role": "m", "on_court": false}}, {"model": "member.groupmember", "pk": 44, "fields": {"group": 11, "member": 18, "role": "h", "on_court": false}}, {"model": "member.groupmember", "pk": 45, "fields": {"group": 11, "member": 2, "role": "m", "on_court": false}}, {"model": "member.groupmember", "pk": 46, "fields": {"group": 11, "member": 3, "role": "m", "on_court": false}}, {"model": "member.groupmember", "pk": 47, "fields": {"group": 11, "member": 4, "role": "m", "on_court": false}}, {"model": "admin.logentry", "pk": 1, "fields": {"action_time": "2021-05-24T21:46:29.768Z", "user": 1, "content_type": 8, "object_id": "1", "object_repr": "AllCourtInfo object (1)", "action_flag": 1, "change_message": "[{\"added\": {}}]"}}, {"model": "admin.logentry", "pk": 2, "fields": {"action_time": "2021-05-24T21:47:02.066Z", "user": 1, "content_type": 10, "object_id": "1", "object_repr": "EachCourtInfo object (1)", "action_flag": 1, "change_message": "[{\"added\": {}}]"}}, {"model": "admin.logentry", "pk": 3, "fields": {"action_time": "2021-05-24T21:47:14.540Z", "user": 1, "content_type": 10, "object_id": "2", "object_repr": "EachCourtInfo object (2)", "action_flag": 1, "change_message": "[{\"added\": {}}]"}}, {"model": "admin.logentry", "pk": 4, "fields": {"action_time": "2021-05-24T21:47:32.045Z", "user": 1, "content_type": 10, "object_id": "3", "object_repr": "EachCourtInfo object (3)", "action_flag": 1, "change_message": "[{\"added\": {}}]"}}, {"model": "member.request", "pk": 1, "fields": {"group": 1, "sender": 2, "receiver": 3, "action": 0, "read": true}}, {"model": "member.request", "pk": 2, "fields": {"group": 1, "sender": 2, "receiver": 4, "action": 0, "read": true}}, {"model": "member.request", "pk": 3, "fields": {"group": 1, "sender": 2, "receiver": 5, "action": 0, "read": true}}, {"model": "member.request", "pk": 5, "fields": {"group": 2, "sender": 2, "receiver": 6, "action": 0, "read": true}}, {"model": "member.request", "pk": 6, "fields": {"group": 2, "sender": 2, "receiver": 7, "action": 0, "read": true}}, {"model": "member.request", "pk": 7, "fields": {"group": 2, "sender": 2, "receiver": 8, "action": 0, "read": true}}, {"model": "member.request", "pk": 8, "fields": {"group": 1, "sender": 8, "receiver": 2, "action": 1, "read": true}}, {"model": "member.request", "pk": 9, "fields": {"group": 1, "sender": 7, "receiver": 2, "action": 1, "read": true}}, {"model": "member.request", "pk": 10, "fields": {"group": 1, "sender": 8, "receiver": 2, "action": 1, "read": true}}, {"model": "member.request", "pk": 11, "fields": {"group": 1, "sender": 8, "receiver": 2, "action": 1, "read": true}}, {"model": "member.request", "pk": 12, "fields": {"group": 1, "sender": 8, "receiver": 2, "action": 1, "read": true}}, {"model": "member.request", "pk": 17, "fields": {"group": 2, "sender": 3, "receiver": 2, "action": 1, "read": true}}, {"model": "member.request", "pk": 30, "fields": {"group": 8, "sender": 2, "receiver": 3, "action": 0, "read": true}}, {"model": "member.request", "pk": 31, "fields": {"group": 8, "sender": 2, "receiver": 4, "action": 0, "read": true}}, {"model": "member.request", "pk": 32, "fields": {"group": 8, "sender": 2, "receiver": 5, "action": 0, "read": true}}, {"model": "member.request", "pk": 33, "fields": {"group": 8, "sender": 6, "receiver": 2, "action": 1, "read": true}}, {"model": "member.request", "pk": 34, "fields": {"group": 9, "sender": 5, "receiver": 2, "action": 0, "read": true}}, {"model": "member.request", "pk": 35, "fields": {"group": 9, "sender": 5, "receiver": 3, "action": 0, "read": true}}, {"model": "member.request", "pk": 36, "fields": {"group": 9, "sender": 5, "receiver": 4, "action": 0, "read": true}}, {"model": "member.request", "pk": 37, "fields": {"group": 1, "sender": 4, "receiver": 2, "action": 1, "read": true}}, {"model": "member.request", "pk": 38, "fields": {"group": 10, "sender": 15, "receiver": 3, "action": 0, "read": true}}, {"model": "member.request", "pk": 39, "fields": {"group": 10, "sender": 15, "receiver": 4, "action": 0, "read": true}}, {"model": "member.request", "pk": 40, "fields": {"group": 10, "sender": 15, "receiver": 5, "action": 0, "read": true}}, {"model": "member.request", "pk": 41, "fields": {"group": 2, "sender": 5, "receiver": 3, "action": 1, "read": true}}, {"model": "member.request", "pk": 42, "fields": {"group": 9, "sender": 4, "receiver": 5, "action": 1, "read": true}}, {"model": "member.request", "pk": 43, "fields": {"group": 11, "sender": 18, "receiver": 2, "action": 0, "read": true}}, {"model": "member.request", "pk": 44, "fields": {"group": 11, "sender": 18, "receiver": 3, "action": 0, "read": true}}, {"model": "member.request", "pk": 45, "fields": {"group": 11, "sender": 18, "receiver": 4, "action": 0, "read": true}}]